0,0.00113366435101863,0.00884989811845397,0.00115925142086431,0,0.00047892805100703,1.12993405698843,1.02686241301838,0.0620745200833419,0.00400505589545465,0.000574833693359397,0,0.000292527477582182,2.25344370708784,0.00144707602704165,0.00911235054805104,0.0128526911604088,0,0.000485504756601862,0.000441098267679668,0.038239767750997,0.00764124642259593,0.0438472659259779,0.10545759863028,0.00277013300951712,0.000608804580345037,0.00215089667393002,0.0665113526546716,1.16433538359682,1.78627138360537,0,0,0.0086826915435072,0.409368991326196,0.000427367729479965,0.044220272478033,0.0116997031631121,0.0571523553901667,0.0139779459654134,0.10793344707029,0.0137902866417796,0,0.0140587917139054,0.000345573521842342,0.00568056997454174,0.00170073118737001,0.0104116667838535,0.00508882895383892,0,0.00116255843820421,0,0.000163226923857644,0,0,0.000485475606930094,0.00397742267299544,0.00221586549841453,0.0419627022752522,5.92244021203267e-05,0,0,0,0.000734205637976283,0,0.000283988851744411,0,0,0,0,0.00113687408547464,0.00064026639595291,0,0.0422611933104223,0.000481166916645812,0,6.59125252516941e-05,0.00608507761413943,0.0024245019729599,0.00348421228144428,0,0,0,0.00221737579104267,6.71852811447152e-05
0.00113366435101863,0,0.0384895630635308,0,0,0,0.00208508493199349,0.00074985662759092,0.33746384665585,0.000188724083454137,0.0106695420954125,0,0.0293837853124364,0.00144280188501433,0,0.197283828934768,0.00648376585372937,0.00261867246437557,0.00834563335211884,0,0.00169787874832982,2.34715365360014,0.00221223557904274,0.203374865425124,0.477850997167799,0.00987963655123915,1.32714582966352,0.0101300236537122,0.00136106663129188,0.00360219052498508,0.000479260827938362,0,0,0.14914850166384,0.000222664752088534,0.00707711268821258,3.95403435332001,0.157105763444703,0.0600178352887407,0.004413904552971,0.010007226052572,0,0.000126323141274553,0.000680031218549343,0.000131457695982894,0,0,0,0,0.000264074355424936,0.0117856598697878,0,0,0,0,0,0,0.000112433009524445,0,0,0,0.00141556413583674,0,0,0.000417489521798133,0,0,0,0,0,0.00239007281498158,0,0.00100419925148575,0.00859433488365577,0,0.000272042796324951,0.000310527475566724,3.29311090760277e-05,0,0,0,0,4.58184702618034e-05,0.000191840315163667
0.00884989811845397,0.0384895630635308,0,0,0,0.00111452273517809,0.102949177145622,0.0198252784668575,0.00184147250362694,0.0295914454286952,0.000603970881723142,0,0,0.0260615413639995,0,0.0135701148789969,1.1139147112864,0.000336253615939117,0.124810904463609,0,0.0599234862968585,0.00277814796382589,2.03890765200089,0.0178943081909967,6.81978336896879e-05,1.03809354175263,0.775973769735485,0.0852319905087835,0.00129437517937155,0.0213672055474388,0,0,0,0.590935502258033,0.00116656599120601,0.0326496264978344,1.35965469164383,0.252123531849046,0.0940560985027962,0.0144201964897469,0.0136321647658425,0.000394969335284759,0.000618470799213048,0,0,0.00147364095708125,0,0.00013114036873369,0,0.000170821519626774,0,0,0,0,0,0.000100045466301011,0,0.000615083867560288,0,0,0,0,0,0,0,0,0,0,0,0,0,0,0.000674639307418083,0,0,0,0.000308545834813096,0.00019848967355337,6.25894176535077e-05,0,0,0,0,0.000767363381703185
0.00115925142086431,0,0,0,0,0.0436349727018247,0.00428464106791706,0.0932909029051183,0.236764674434953,2.10036425152286,0.000146757125510285,0.60179145064116,0,0.0267517711179826,0.00258996051568449,0.00010992374038821,0,0,0,19.7383779017575,0.000415503781675116,0,0.000172766450205763,1.35957776601813,0,0,0,1.76778862907543,0.00877792172527228,0.000354953902980923,0,0,0.000207727127432849,0.00773674211774794,0,0.000541128969411045,0,0.00292574986139015,0,0.220321473754277,0,0,0,0,0,0,0.0013233694858201,0,0,0,0,0,0.00934586329974896,0,0,0.000382211726332482,0.000131845060782633,0.000805692649447021,4.70347926271241e-05,0,0.00095489554006962,0,0,0,0,0,0,0,0.00198757006594826,0,0,0,0.00152734407845625,0,0,0,0.00376835969111148,0.000719111312454988,0,0,0,0,0,0
0,0,0,0,0,0.0706636090574222,0.000284754381672195,0.0172924375855405,0,0,0.000891879132077448,0,0,0.0770015194106911,0.657813729512126,0.000442037773480328,0,0,0,0,0.000286721325929839,0,0,0.000739721854035931,0,0,9.08704445212009e-05,0.000551335065242629,0.00785446507124642,0.00051560298999207,0,1.31126466929895,0,0.477913487289751,0,0.000945417911028056,0.0012643415031073,0.0243382588058655,0,3.71130457806168,2.05596378994322,0,0,0,0,0,8.10997229445378e-05,0,0,0,0,0,0,0,0,0,0,0,0,0,0,0,0,0,0,0,0,0,0,0,0,0,0.000165219368822637,0,0,0,0,0,0,0,0,0,0,0
0.00047892805100703,0,0.00111452273517809,0.0436349727018247,0.0706636090574222,0,0.0757694365261614,3.53251484027727,0.0271692875885964,3.12813124857566,0.00525551910346067,0.700970673139061,0,0.154935403814834,0.0638870714309036,0,8.50568974058441e-05,0.000282355254113124,0.00024342007250882,0.134664388303391,0,0,0.000629328660320502,0.14638629844094,0,0.000179953059399999,0.000380460496256467,0.130915401659876,0.0246690326069454,0.000864125774848,0,0.289545590002576,0,0.167125596305153,0,0.000140051346912345,0.000513877610503997,0.0381696308066956,0,2.92596091831423,0.01185314441176,0,0,0,9.77734116375511e-05,7.84356691548305e-05,0.00122949116559863,0,0,0.000144198352421965,0,0,0,0,0,0.000235869221885104,0,0.000286632421086373,0,0,0,0,0,0,0,0,0,0,0,0,0,0,0.00205644074914737,0,0,6.79545653950713e-05,0.000391690842341466,0.000223268429299943,0.000214507999250471,0,0,0,0.000186038063194046,0
1.12993405698843,0.00208508493199349,0.102949177145622,0.00428464106791706,0.000284754381672195,0.0757694365261614,0,0.499944432041168,0.170092342882417,2.08125530861166,0.000452968187896014,0.000164105229806175,0.000587101221341414,1.28757829391193,0.000542644638324158,0.0197790577465512,0.0138245919034255,0,0.00268801779367538,0.000416832700641964,0.20101120721063,0.00468367012661014,0.299143797814367,0.58200785960451,0.000568785393940146,0.00571088877625689,0.023587194197773,1.97487367570384,0.0888269137471375,1.61833305536188,0,0,0.00169708386946689,0.0815471278453505,0.000490725260150322,0.0314420831054292,0.0478656001981054,0.0654036621429873,0.0272331979521128,0.298604426969722,0.00924645621871648,0.000179867815377481,0.0187115963056664,0.000132054117013402,0.00483509192258602,0.00154610605479985,0.0185442148381445,0.00398604476287246,8.85989719349627e-05,0.00279564952993508,3.43061868131045e-05,0.000260721980344097,9.32243838146479e-05,0,0.00044827759345211,0.0118070393931114,0.00374898500836912,0.0471777537196821,0.000129007897095141,9.61248475220271e-05,0.000252711441067869,0.000281087758911354,0.00122496897845399,0,0.000626950159410045,0,0,0,0,0.000516704904209121,5.55788565018245e-05,0.000680134168675522,0.08122713854971,0.000247877989297624,0,0.000583313623034412,0.014300973456257,0.0061496888516816,0.00504495180993767,0,0,0,0.00284822088773525,0.000723963495714977
1.02686241301838,0.00074985662759092,0.0198252784668575,0.0932909029051183,0.0172924375855405,3.53251484027727,0.499944432041168,0,0.138242198908509,0.897408126378928,0.0240769623687808,0.121447847959341,0.000351372308404328,2.45826920185968,0.0153893302609686,0.00533049115135246,0.0181850752419874,0.000652942947343354,0.00191537374071892,0.104768022577512,0.0284157983818278,0.00382999865839989,0.0707275933745835,0.399719454419561,0.000861995295601268,0.00338858525010557,0.00682330894803213,0.346077241431085,0.230377442303382,0.482245797030612,0,0.00895216834063987,0.00399787912739876,1.12542601778989,0.000363213450595576,0.034693448705311,0.0131262266717951,0.224659385803814,0.00874204901330414,0.961204418673807,0.0643616797238882,0.000164124956972532,0.00997616503453481,0.000547025643687287,0.0029605547896731,0.000531150931984524,0.0151456898194394,0.00257645239604363,0,0.00188203881085123,0,0.000155477065781236,0,0,0.000301252248932529,0.00839892764639151,0.00258720214998177,0.0233785200959158,0.00013397356466377,2.56340659195665e-05,0,0,0.000589148096165694,4.08428232474816e-05,0.000601473673166714,0,0,4.6594328784926e-05,0,0.000685222443970934,0,0.000215947478554709,0.0551425165905035,2.59054073173735e-05,5.71225952663307e-05,0.000197388668855592,0.00899046331019774,0.00552966213379987,0.00341736376901689,0,0,0,0.00217039709851974,0.000426747850509098
0.0620745200833419,0.33746384665585,0.00184147250362694,0.236764674434953,0,0.0271692875885964,0.170092342882417,0.138242198908509,0,0.0939225721172588,0.00558074158908725,0.37477322431085,0.178698243578194,0.0425000589979513,0.57634731910495,0.0348881561960359,0.000496651610355777,0.000152663558012495,0,0.0816096399006996,0.00328968977240784,1.80178337855273,0.00348566274832267,9.53671999804938,0.539565659876826,0.000439355462094993,0.0561881724719031,0.229827133684271,0.0392530419929261,0.0366181163783507,0,0,0.000981839853472178,0.0201896621650614,0.000170878686672608,0.379906619731446,0.0556311382842531,0.0371050142983865,0.00956229269805282,2.16045069379613,0.0077807744576772,0,0.0154569884433643,0.000539601354982867,0.00578605841758996,0.00156454491359802,0.095501215824408,0.0126445628486365,0.000884038359851624,0.00833923159987237,0.00835865771999532,0,0,0,0.0034682320344865,0.0352660339350434,0.00596985630738702,1.64001325220256,0.000907632530520175,0.000537586568424277,0.000709715524436714,0.00663272650359256,0.00355046313745908,0.00140443323794665,0.00773910654502508,0,0,0,0,0.000463605619763602,0.119896250731349,0.000395013962805512,0.279834121932711,0.0222253944289628,5.33494488610428e-05,0.00158063604930616,0.041606460788416,0.0113241921263196,0.00561241977388914,0,0,0,0.00537020475129437,0.000194390704245734
0.00400505589545465,0.000188724083454137,0.0295914454286952,2.10036425152286,0,3.12813124857566,2.08125530861166,0.897408126378928,0.0939225721172588,0,0.000193021838744016,1.20760950018623,9.18982928273927e-05,0.153939038084337,4.95756985541842e-05,0.00115158602992789,0.0144388302273126,0,0.00139771653325074,2.10900060402408,0.0189024642312779,0.000334319508616245,0.0812498946456198,0.610295749350913,0,0.00330363397737872,0.00598132536290233,4.09409664773215,0.0281188392566607,0.0277222145397477,0,0,0.000140478671958203,0.0510824363773363,5.68734983916047e-05,0.00561618500553629,0.0111726888490569,0.0150530839972489,0.00517939362875142,0.449969716963982,0.00147464077524346,0,0.00140129298652712,6.26878770460543e-05,0.000593920598194543,0.000208831565278272,0.00327226039970613,0.000557263278480651,0,0.000556397414020052,0,9.05700783358594e-05,0,0,7.87839098867622e-05,0.00144851476357991,0.000365694814031505,0.00296367135427255,6.76359920463851e-05,0,0,0,0.000239653667653517,0,0,0,0,0,0,5.68561783167989e-05,0,3.05370890606705e-05,0.00838464494175252,0,0,2.62835036036815e-05,0.00104914592781252,0.000522149368109773,0.000447979171855598,0,0,0,0.000783285004340515,0.000130088432180776
0.000574833693359397,0.0106695420954125,0.000603970881723142,0.000146757125510285,0.000891879132077448,0.00525551910346067,0.000452968187896014,0.0240769623687808,0.00558074158908725,0.000193021838744016,0,0.000770405080930198,3.26950628718071,0.0114711215261643,0,0.00611657882226085,0.00053153001984934,2.00487096794078,0.932839092847795,0.000249100300880007,0.00114524830975729,0.00446044640435357,0.00292864784526275,0.00148579070478708,2.8842980013963,1.06205046599633,0.454699274956788,0.000436194159692066,0.000817525470130129,0.00123764405717667,0.041376049322286,0,0,1.90920965406297,0.00405824831809441,0.175028174062902,1.26218487663708,2.5036233052551,0.379882995810424,0.0476164771697199,0.0484822775967699,0.768764066485083,0.00136887395503837,0.000657281138885275,0.000224146421713103,0.000546689404085214,0.000870418836277603,5.82866104009974e-05,0,0,0,0,0,0,0,0.000146486128905392,0,0.000255098611738978,3.47670545136794e-05,0,0,0.00164113175071061,0,0,0.000592471646929951,0,0,0,0,0,4.66648518517539e-05,0,0.000498403946545535,0.00504668416812308,0,0.000194573739196219,0,0,0,0,0,0,0,0.00119141716603146
0,0,0,0.60179145064116,0,0.700970673139061,0.000164105229806175,0.121447847959341,0.37477322431085,1.20760950018623,0.000770405080930198,0,0,0.0492552476583169,2.57273465138302,0,0,8.78068494878318e-05,0,6.84744695014311,0,0,0,0.156344886682082,0,0,0,0.0300953394886343,0.00553080864210365,0.000203737687780533,0,0,0,0.00940256675535474,0,0.001848600318444,0,0.00685053477628481,0,1.21389364371757,0,0,0,0,0,0,0,0,0,0,0,0,0,0,0,0,0,0,0,0,0.0418688358211542,0,0,0,0,0,0,0,0,0,0,0,0,0,0,0,0,0,0.000229992325235934,0,0,0,0,0
0.000292527477582182,0.0293837853124364,0,0,0,0,0.000587101221341414,0.000351372308404328,0.178698243578194,9.18982928273927e-05,3.26950628718071,0,0,0.0005710970058528,0,0.0139976835502561,0,0.00165017203194893,0.000576984978052396,0,0.00531704667997315,0.119310339109955,0.00645659851166681,0.0147896592822147,2.63870772103433,0.0877024293505482,0.0930981029332538,0.000926340908453582,0.000858751494018513,0.00296223687147563,0.0780022925893333,0,0,0.0562216458429208,0.00192233791257285,0.832983323389622,0.133482299217492,0.389453180662385,0.0514784168968972,0.0400136574618642,0.108502387201827,0.696998742876257,0.0674645639295124,0.000435353052288361,0.0017584135955541,0.000818104883084563,0.000669851904147509,0,0,0,0.00065474761903464,0.000250994341157046,0,0,0,0,0,0.000137171490418389,0,0.000120113817911022,0,0.0125240618672866,0,0,0.000150010874267244,0,0,0,0,0.000446211088069915,0,8.35734574179767e-05,0.000441405640685812,0.0182634732913367,0,0.000935976120994699,0.000190281144488811,0,2.97414369082212e-05,0,0,0,0,0.000538153583686001
2.25344370708784,0.00144280188501433,0.0260615413639995,0.0267517711179826,0.0770015194106911,0.154935403814834,1.28757829391193,2.45826920185968,0.0425000589979513,0.153939038084337,0.0114711215261643,0.0492552476583169,0.0005710970058528,0,0.000620463702391213,0.00743015241967256,0.0290962006991398,0.00022316992004307,0.00150495621675443,0.0402696310887484,0.0706258562653816,0.00340694142961489,0.1582187685604,0.149250669864603,0.000419408106022472,0.00280054211094686,0.00738921058906837,0.172630755301154,1.43134843256861,0.538165343968903,0,0.0172995101037889,0.0246741246098684,0.770698969919845,9.56641379612421e-05,0.0198935472946064,0.016611704961812,0.180577219569285,0.00372420048401323,0.684651282453471,0.0556413982174931,7.40249268143603e-05,0.00575269691660741,0,0.00247271205504649,0.00037580895192145,0.00708869235757188,0.00186889354944824,0.000276883483611833,0.00104086046245813,0,0,0,0,0.000183267974030207,0.00418028710984926,0.00229282460087928,0.0143927676212948,0.00025233632730716,4.82654370962698e-05,0,9.99727944620077e-05,0.000499025475645746,0,0.00027555604634659,0,0,0,0,0.000364746385407449,0.000184289351786077,0.000269390931850324,0.031481847802174,0.000107740297834176,0,0.000182050732207869,0.00467626223314853,0.00170248416331538,0.00237147167303409,0,0,0,0.00109786149080788,0.000212940053633814
0.00144707602704165,0,0,0.00258996051568449,0.657813729512126,0.0638870714309036,0.000542644638324158,0.0153893302609686,0.57634731910495,4.95756985541842e-05,0,2.57273465138302,0,0.000620463702391213,0,0.0198117465724755,0,0,0,0.0327495469363604,0.00811283086635789,0,0.00399546094766674,0.00565107149379103,0.000307583635305655,0,0.000365873715683722,0.000973172193215739,0,0.00401836660122345,0,0,0,0.00388943486217463,0.00272054080823306,0.0202396885486984,0.0101510602305869,0.00146663045874157,0.0053323963476619,7.6119329267315,0.00261271359406966,0,0.00121407386362216,0,0.000977409523837238,0,0.000130771943673216,0,0,0,0,0,0,0,0,0,0,0,0,0,0,0,0,0,0,0,0,0,0,0,0,0,8.19392104682345e-05,0,0,0.000271122228713173,0,0,0,0,0,0,0,0.000501577402016005
0.00911235054805104,0.197283828934768,0.0135701148789969,0.00010992374038821,0.000442037773480328,0,0.0197790577465512,0.00533049115135246,0.0348881561960359,0.00115158602992789,0.00611657882226085,0,0.0139976835502561,0.00743015241967256,0.0198117465724755,0,0.00507161096753082,0.00210942969850934,0.0012224247103067,0,2.24799468034539,1.28834071641143,1.84163551285018,0.425581057626473,0.0122467491276629,0.00157666930694207,0.768168586721587,0.751540468416076,0.0247860505580379,0.164190325891328,0,0,0.00591535452984174,0.340264985666349,0.0284786474375912,1.14764044715652,5.14105740439988,0.678137741052888,0.496308870023956,0.696336175467702,0.239843469510735,0.022691490810162,0.0832263925925312,0.00238472170985815,0.00430004966991199,0.00889702460991382,0.00534183465135389,0.00416271604698969,0,0.00131828053774279,0.00119510667017975,0.000548843978417701,0,0,0.000442390590380901,0.00310556559313036,0.00190916163810418,0.125407899847352,0,5.20939011208375e-05,0,9.29409161976036e-05,0.000403321598210181,0.000214947697175326,0.0330344682006697,0,0,0,0,0.0018330836004231,0.00223310877193091,0.00113575453085666,0.106063380827009,0.000159784789496528,0,0.0010958136179488,0.0167754875269399,0.00199001133314443,0.0104291978406954,0,0,0,0.00220898837739919,0.0148697145411107
0.0128526911604088,0.00648376585372937,1.1139147112864,0,0,8.50568974058441e-05,0.0138245919034255,0.0181850752419874,0.000496651610355777,0.0144388302273126,0.00053153001984934,0,0,0.0290962006991398,0,0.00507161096753082,0,0.000961671479999138,0.622534154949876,0,0.0218274290156693,0.000814069570278196,1.34043387278595,0.00192127585050867,0,0.505074969285754,0.0903696376022119,0.00607424298918366,8.64141055449685e-05,0.0122492898482931,0,0,0,0.286339500844123,0.000200575625639562,0.00803003853416469,0.127359585652487,0.0215467160728584,0.010677962717242,0.00511155158903041,0.00190286421940138,0,0,0,0,0,0,0,0,0,0,0,0,0,0,0,3.83397110137159e-05,0,0,0,0,0,0,0,0,0,0,0,0,0,0,0,0.00019071389843759,0,0,0,0,0,0,0,0,0,0,8.5281029543886e-05
0,0.00261867246437557,0.000336253615939117,0,0,0.000282355254113124,0,0.000652942947343354,0.000152663558012495,0,2.00487096794078,8.78068494878318e-05,0.00165017203194893,0.00022316992004307,0,0.00210942969850934,0.000961671479999138,0,1.60096143286842,0,0.000393959692044898,7.53814577647959e-05,0.000780018034079638,0.000120188721271053,0.00733218800787584,0.208791797308171,0.0270713370166865,7.47775430939906e-05,0,7.15220236803841e-05,0,0,0,0.055155643580794,0.000358657758956087,0.0232582150373417,0.252435772854482,0.180053831402077,0.0537693888425791,0.00428485840939653,0.0073021128524826,0.00128224518430971,0.000271805470421103,0,0,0,0,0,0,0,0,0,0,0,0,0,0,0,0,0,0,0,0,0,0,0,0,0,0,0,0,0,5.670959445666e-05,0.000861093952564444,0,0.000130561166795762,0,0,0,0,0,0,0,0.000210503380647701
0.000485504756601862,0.00834563335211884,0.124810904463609,0,0,0.00024342007250882,0.00268801779367538,0.00191537374071892,0,0.00139771653325074,0.932839092847795,0,0.000576984978052396,0.00150495621675443,0,0.0012224247103067,0.622534154949876,1.60096143286842,0,0.000113101498005986,0.00177078880371163,0.0023320217665498,0.0289337991925645,0.000857165241060272,0.00236942439889605,2.2348603154399,0.329176086080622,0.00304727516018184,6.21861681732788e-05,0.000803261506568129,0.00134637589918771,0,0,0.088964693173117,0.000927236983980805,0.0230996979383608,0.907466715486974,0.180135486216979,0.057840473806539,0.00563938331972678,0.00842176284625292,0,0.000149201759116743,0.000899753495535248,0,0,0,0,0,0,0,0,0,0,0,0,0,0.000376665553651345,0,0,0,0,0,0,0,0,0,0,0,0,0,0,0.000195248948641504,0,0,0,4.92004043126919e-05,0,0,0,0,0,0,0.000196319425180096
0.000441098267679668,0,0,19.7383779017575,0,0.134664388303391,0.000416832700641964,0.104768022577512,0.0816096399006996,2.10900060402408,0.000249100300880007,6.84744695014311,0,0.0402696310887484,0.0327495469363604,0,0,0,0.000113101498005986,0,0,0,0,1.08987845994237,0,0,0,0.197194355441038,0.00737260933171654,0,0,0,0,0.00566471884912039,0,0,0.000746095943983255,0.00467607110348647,0,0.461325403029646,0.000273804320233065,0,0,0,0,0,0,0,0,0,0,0,0,0,0,0,0,0,0,0,0,0,0,0,0,0,0,0,0,0,0,0,0.000398697750740307,0,0,0,0,0,0,0,0,0,0,0
0.038239767750997,0.00169787874832982,0.0599234862968585,0.000415503781675116,0.000286721325929839,0,0.20101120721063,0.0284157983818278,0.00328968977240784,0.0189024642312779,0.00114524830975729,0,0.00531704667997315,0.0706258562653816,0.00811283086635789,2.24799468034539,0.0218274290156693,0.000393959692044898,0.00177078880371163,0,0,0.00657899017494846,3.40538590538864,0.122420506977666,4.26620037597477e-05,0.00453680331623357,0.0387081067946436,1.23024746703206,0.0111380042893426,2.57704436471713,0,0,0.00193438830154802,1.00415894060729,0.0145614267518042,0.356076470253321,0.311300991189394,0.638857274434371,0.155631124060217,0.321315015483959,0.139545189012084,0.00248410060325022,0.00406948193495681,0.000341861868320927,0.00127164820905232,0.00104727096551348,0.00083267121864935,0.000439728125502837,0,0.000280192200836414,0,0,0,0,0,0.000571247242104216,0.000293247415016899,0.00492167079283629,0,0.000181278476503829,0,0,0,0,0.00129931376718181,0,0,0,0,0.000121965582288139,0.000219492302957794,0.000349457384665915,0.00893429550894459,0,0,0.00023297426436617,0.000916376117221149,0.000209152152973962,0.000546468060634403,0,0,0,0.000102512273215661,0.00794540987553798
0.00764124642259593,2.34715365360014,0.00277814796382589,0,0,0,0.00468367012661014,0.00382999865839989,1.80178337855273,0.000334319508616245,0.00446044640435357,0,0.119310339109955,0.00340694142961489,0,1.28834071641143,0.000814069570278196,7.53814577647959e-05,0.0023320217665498,0,0.00657899017494846,0,0.00301246218016265,1.82047392994535,0.569551053141468,0.00219569950800641,0.266388635807568,0.0301679383809953,0.00535512383896149,0.00856331589753273,0,0,0.000195993176055925,0.0192912588752863,0.000606073070375792,0.0524017632305152,4.12226456586076,0.0201634982092309,0.0102597797076041,0.0172577146410061,0.00321210780707382,0.000264796549546961,0.0282133145767486,0.00151028029994408,0.000666153089911477,0.00023385970984156,0.00321475138454076,0.000111766490687708,0,8.66802311653859e-05,0.0202811865785657,0.000287771221742741,0,0,0,0.00149990238835284,0.000710122571877209,0.11341421128561,0,0,0,0.00447367408144914,0.000143230388657656,0,0.0168062116263789,0.000468893502511947,0,0,0,0.000803375570368675,0.0577517709126262,0.00035123981270406,0.0420064790616375,0.0361761258772345,0.000169241773021151,0.000878520824954127,0.00694318836374898,0.000571265395951558,0.00330908121108059,0,0,0,0.000296201982802155,0.000245702528546058
0.0438472659259779,0.00221223557904274,2.03890765200089,0.000172766450205763,0,0.000629328660320502,0.299143797814367,0.0707275933745835,0.00348566274832267,0.0812498946456198,0.00292864784526275,0,0.00645659851166681,0.1582187685604,0.00399546094766674,1.84163551285018,1.34043387278595,0.000780018034079638,0.0289337991925645,0,3.40538590538864,0.00301246218016265,0,0.0472091234881656,4.36991365699918e-05,0.0882329443633594,1.5553704266867,0.324742163558408,0.00498160496130547,0.180158967640992,0,0,0.000733911055460404,1.50499952546006,0.0374340106760326,0.642629261255739,2.42239324109224,1.18906572605296,0.901458062760792,0.474724971346339,0.124931977261121,0.00519369222800532,0.0048431469968391,0.00054337391122576,0.000884523908292042,0.00572482236941387,0.00165842838398839,0,0,8.67226130468962e-05,0,0,0,0,0,0.000152147138412009,3.22646794752306e-05,0.00238469119280307,0,0.000184307709824094,0,0,3.13546299498693e-05,0,0.000580893512370478,0,0,0,0,0.000413006787995452,4.23031096795099e-05,0.00100173641983134,0.00446181464451749,0.000190494865009072,0,0.000139452622806855,0.000774522528564516,7.84188942429959e-05,0.000112866108491547,0,0,0,0.000109110551308379,0.0218349021095959
0.10545759863028,0.203374865425124,0.0178943081909967,1.35957776601813,0.000739721854035931,0.14638629844094,0.58200785960451,0.399719454419561,9.53671999804938,0.610295749350913,0.00148579070478708,0.156344886682082,0.0147896592822147,0.149250669864603,0.00565107149379103,0.425581057626473,0.00192127585050867,0.000120188721271053,0.000857165241060272,1.08987845994237,0.122420506977666,1.82047392994535,0.0472091234881656,0,0.0360842488845648,0.00162951726273969,0.0911287915570048,6.96528997936182,0.165670696272027,0.254044907437138,0,0,0.0044180029527173,0.0943715522803609,0.00140695436034479,0.110194932791725,0.119805668962199,0.122273240852265,0.0271525505419758,0.748120886215569,0.0236815904909783,0.00125796530246482,0.072084927764064,0.00249089649099805,0.0201892057175679,0.0057818508932809,0.107261114184546,0.017646213528404,0,0.0153642433290728,0.00231219331521743,0.000477865078895936,0,0,0.00263136621307723,0.0562910715721558,0.0168363969204688,0.293601516602062,0.000805634945054885,0.000478381221855201,0.000685796599182832,0.00104433015991238,0.00644177679473427,0.000313951254626166,0.0132415032459302,4.82216489372876e-05,4.9027244543658e-05,6.1427992266762e-05,0,0.00340468698593681,0.00514437540398699,0.00264093293940293,0.447419349687886,0.00210378033875391,0.000143840532335128,0.00180609257783356,0.0710636974860566,0.0277461275497467,0.028836800633613,0,0,0.000477787310486359,0.0125960339357226,0.00114980875669164
0.00277013300951712,0.477850997167799,6.81978336896879e-05,0,0,0,0.000568785393940146,0.000861995295601268,0.539565659876826,0,2.8842980013963,0,2.63870772103433,0.000419408106022472,0.000307583635305655,0.0122467491276629,0,0.00733218800787584,0.00236942439889605,0,4.26620037597477e-05,0.569551053141468,4.36991365699918e-05,0.0360842488845648,0,0.092179479000657,0.424750077627082,0.000946466705683331,0.000875476897649459,0.00198274031869259,0.0255414654401138,0,0,0.00770757756742366,0,0.00523903053654472,3.74316244672032,0.0398137514325554,0.00662162289198921,0.00158651227345286,0,0.052265228262789,0.000113827066366903,0.0257385471564802,0.0013165148380457,0,0,0,0,0,0.00358668375854029,0,0,0,0,0,5.07121253887459e-05,0.00306010590567358,0,0,0,0.144773456865403,0,0,0,0,0,0,0,0,0.00616929946281953,0,0.000141045681803526,0.14720096781893,5.20272419620754e-05,0.0105756475557057,0,0,0,0,0,0,0,9.51288337675883e-06
0.000608804580345037,0.00987963655123915,1.03809354175263,0,0,0.000179953059399999,0.00571088877625689,0.00338858525010557,0.000439355462094993,0.00330363397737872,1.06205046599633,0,0.0877024293505482,0.00280054211094686,0,0.00157666930694207,0.505074969285754,0.208791797308171,2.2348603154399,0,0.00453680331623357,0.00219569950800641,0.0882329443633594,0.00162951726273969,0.092179479000657,0,1.876166161676,0.00462571485531029,3.09112862158624e-05,0.00216874936831707,0.0735409661445508,0,0,0.377703832543654,0.000541814270872526,0.0270352536780425,1.03215615136492,0.186688437934819,0.0532920233019302,0.00545999261734733,0.00392087246800007,0.000870834576195088,0.000234789176339216,3.47757300925072e-05,8.1403937343124e-05,0,0,0,0,0,0,0,0,0,0,0,0,0,0,0,0,0.00111533566165108,0,0,0,0,0,0,0,0,0,0,3.36669774800378e-05,0.00220892785197789,0,0,0,0,3.59375443638736e-05,0,0,0,0,0.000591317590243691
0.00215089667393002,1.32714582966352,0.775973769735485,0,9.08704445212009e-05,0.000380460496256467,0.023587194197773,0.00682330894803213,0.0561881724719031,0.00598132536290233,0.454699274956788,0,0.0930981029332538,0.00738921058906837,0.000365873715683722,0.768168586721587,0.0903696376022119,0.0270713370166865,0.329176086080622,0,0.0387081067946436,0.266388635807568,1.5553704266867,0.0911287915570048,0.424750077627082,1.876166161676,0,0.0581579433316386,0.00163327754377447,0.00887629076156152,0.0931729326102296,0,0.000127548337137258,1.64452581460816,0.0217608299357156,0.319848210768819,5.44604674256354,1.39930181247304,0.54368686550184,0.123748797191513,0.0474032206158934,0.00249665304298498,0.00314604081163194,0.000975521009293085,0.00150281293468993,0.00127726386510414,0.000431542907144229,0.000184528802839919,0,0.000112576868290322,0.000249507183533987,2.81907738219119e-05,0,0,0,0.00013517451840049,1.95650457501858e-05,0.000742956724595402,0,0.000638349501144937,0,0.0155499574456427,0,0,0.000257618810313008,0,0,0,0,3.51912380428883e-05,0.000355510927707067,0.000291453173656956,0.00159179215144731,0.027845608886696,3.98899162430016e-05,0.00746822580013475,8.85207559142494e-05,9.6129865338675e-05,1.90507646437026e-05,0,0,0,0.000118665009541646,0.0161439678145108
0.0665113526546716,0.0101300236537122,0.0852319905087835,1.76778862907543,0.000551335065242629,0.130915401659876,1.97487367570384,0.346077241431085,0.229827133684271,4.09409664773215,0.000436194159692066,0.0300953394886343,0.000926340908453582,0.172630755301154,0.000973172193215739,0.751540468416076,0.00607424298918366,7.47775430939906e-05,0.00304727516018184,0.197194355441038,1.23024746703206,0.0301679383809953,0.324742163558408,6.96528997936182,0.000946466705683331,0.00462571485531029,0.0581579433316386,0,0.135215509817889,2.06724090697708,0,0,0.00543528394749409,0.198630869208087,0.00300562903833326,0.102332176346038,0.0817637724843241,0.172101540965232,0.0457785984896525,0.45723775942697,0.0296783340616934,0.000280937833838915,0.0329105676586074,0.0016754602128838,0.00540776743802275,0.00291540240128773,0.0228071273987311,0.00445141069928174,0,0.0034972612440316,0.000231620439666675,0.000162955048634131,0,0,0.000744677087345058,0.0152881758642388,0.00507999616647837,0.0556700905009576,0.000463080527836244,0.000187255469020507,0.000517214936015304,7.3753295910541e-05,0.00212504743564522,3.71190018748535e-05,0.00345840569243276,0.00023528611863461,0,0,0,0.00110034019770326,0.000654932621499502,0.00105645075604118,0.116216242090295,0.000239511468522711,8.18071299241753e-05,0.000978668443018895,0.0235739606867322,0.00666918346199933,0.0122084836729361,0,0,8.97798187829975e-05,0.00348789411432403,0.00113155177581905
1.16433538359682,0.00136106663129188,0.00129437517937155,0.00877792172527228,0.00785446507124642,0.0246690326069454,0.0888269137471375,0.230377442303382,0.0392530419929261,0.0281188392566607,0.000817525470130129,0.00553080864210365,0.000858751494018513,1.43134843256861,0,0.0247860505580379,8.64141055449685e-05,0,6.21861681732788e-05,0.00737260933171654,0.0111380042893426,0.00535512383896149,0.00498160496130547,0.165670696272027,0.000875476897649459,3.09112862158624e-05,0.00163327754377447,0.135215509817889,0,0.589668427264478,0,0.0281272305894515,1.06029768687154,1.14438133613775,0.000335749792601048,0.0230305027950256,0.00268177814757429,0.202224635609701,0.00279515970495255,0.190829069788372,0.00702654537429449,0.000116337705510115,0.00572982381222131,0.000671616465664336,0.000800510451048612,8.19525248355419e-05,0.00324890590617964,0.00116328150601144,0,0.00102272689370657,0.000190954484679297,9.90654361144629e-05,0,0,0.000114185535243016,0.00271925377400313,0.00147979541245262,0.0109619573417266,0.000197271792533184,0.00016259972947389,0,0,0.000789101922949926,0,0.000311424038909836,0.0001460193460327,0,0,0,0.0002460529194801,0,0,0.0271979867861742,0.000191761394899943,0,0.000299829096167085,0.00413114642049343,0.00227499052272395,0.00210947764371039,0,0,0,0.000890438819362487,3.05214448468925e-05
1.78627138360537,0.00360219052498508,0.0213672055474388,0.000354953902980923,0.00051560298999207,0.000864125774848,1.61833305536188,0.482245797030612,0.0366181163783507,0.0277222145397477,0.00123764405717667,0.000203737687780533,0.00296223687147563,0.538165343968903,0.00401836660122345,0.164190325891328,0.0122492898482931,7.15220236803841e-05,0.000803261506568129,0,2.57704436471713,0.00856331589753273,0.180158967640992,0.254044907437138,0.00198274031869259,0.00216874936831707,0.00887629076156152,2.06724090697708,0.589668427264478,0,0,0,0.0102931091358781,0.89113260759217,0.00641289249623235,0.339390107926642,0.161867572259794,0.244600836160392,0.0436724946110382,0.22912196276025,0.0698335156260727,0.00156314244649719,0.049878425271697,0.00178688911032104,0.00683795126177184,0.00170378663055433,0.0115519636983387,0.00743619400294496,0,0.00333336846819252,0,0.000161554325769822,0,0,8.77102540012241e-05,0.00712927545890468,0.00421234385366263,0.0432153872520214,0.000126855477596819,3.55391440660198e-05,0,4.40402816660182e-05,0.000780962232532064,0,0.0039535330571688,5.60442268871977e-05,4.05285991028296e-05,0,0,0.00139650406002672,0.000359194691944209,0.000970583097379888,0.0962156374661662,0.0002123029056254,0.000203274541331667,0.00137946944086208,0.0146927978025201,0.00515694225059359,0.00903343757520833,0,0,0,0.00277436873727991,0.0038383683557072
0,0.000479260827938362,0,0,0,0,0,0,0,0,0.041376049322286,0,0.0780022925893333,0,0,0,0,0,0.00134637589918771,0,0,0,0,0,0.0255414654401138,0.0735409661445508,0.0931729326102296,0,0,0,0,0,0,0.000395443746588564,1.31130941504234e-05,0.000347738155921238,0.00663997292935121,0.00454386609906798,0.00106996486617061,0,0,0,0,0.00148031239069356,0,0,0,0,0,0,0,0,0,0,0,0,0,0,0,0,0,0.000405731995059014,0,0,0,0,0,0,0,0,0,0,0,0,0,0,0,0,0,0,0,0,0,0
0,0,0,0,1.31126466929895,0.289545590002576,0,0.00895216834063987,0,0,0,0,0,0.0172995101037889,0,0,0,0,0,0,0,0,0,0,0,0,0,0,0.0281272305894515,0,0,0,0,0.0772617949992932,0,0,0,0,0,0.00882201837448092,0.00119933300708559,0,0,0,0,0,0,0,0,0,0,0,0,0,0,0,0,0,0,0,0,0,0,0,0,0,0,0,0,0,0,0,0,0,0,0,0,0,0,0,0,0,0,0
0.0086826915435072,0,0,0.000207727127432849,0,0,0.00169708386946689,0.00399787912739876,0.000981839853472178,0.000140478671958203,0,0,0,0.0246741246098684,0,0.00591535452984174,0,0,0,0,0.00193438830154802,0.000195993176055925,0.000733911055460404,0.0044180029527173,0,0,0.000127548337137258,0.00543528394749409,1.06029768687154,0.0102931091358781,0,0,0,0.322625411826603,1.38044448238313e-05,0.00112621036883274,0.000269997784652781,0.0340162717970805,0,0.0032309192646304,0,0,0.000344698632736153,0.000387669568706174,0,0,0.000135001635891421,0,0,0,0,0,0,0,0,3.60423694250357e-05,0,0.000950533675187019,0,0,0,0,0,0,0,0,0,0,0,0.000111152122548681,0,0,0.000317385999989884,0,0,0,6.01500355469076e-05,9.0931058056536e-05,0,0,0,0,0,0
0.409368991326196,0.14914850166384,0.590935502258033,0.00773674211774794,0.477913487289751,0.167125596305153,0.0815471278453505,1.12542601778989,0.0201896621650614,0.0510824363773363,1.90920965406297,0.00940256675535474,0.0562216458429208,0.770698969919845,0.00388943486217463,0.340264985666349,0.286339500844123,0.055155643580794,0.088964693173117,0.00566471884912039,1.00415894060729,0.0192912588752863,1.50499952546006,0.0943715522803609,0.00770757756742366,0.377703832543654,1.64452581460816,0.198630869208087,1.14438133613775,0.89113260759217,0.000395443746588564,0.0772617949992932,0.322625411826603,0,0.0173098129743625,0.418806539723858,3.32858304322708,10.6898188997354,1.6036258989029,0.866929966144999,0.889558536982169,0.00387958883356884,0.00448956407234353,0,0.00130446005695618,0.004116970967133,0.00206147341381015,0.000734059195412248,0,0.00015159799498106,0,0,0,0,0,0.000786253260451259,0.000192409326419118,0.00733348732524191,0,0,0,0,0,0,0.00103324825636388,0,0,0,0,6.16519079563466e-05,0.000146605844617835,0.000184426659504375,0.00812664428373911,3.89240628772486e-05,0,0.000166650822940053,0.00127540183435685,0.000717309467625676,0.000815242774228125,0,0,0,0.000349996777544654,0.0137946919440551
0.000427367729479965,0.000222664752088534,0.00116656599120601,0,0,0,0.000490725260150322,0.000363213450595576,0.000170878686672608,5.68734983916047e-05,0.00405824831809441,0,0.00192233791257285,9.56641379612421e-05,0.00272054080823306,0.0284786474375912,0.000200575625639562,0.000358657758956087,0.000927236983980805,0,0.0145614267518042,0.000606073070375792,0.0374340106760326,0.00140695436034479,0,0.000541814270872526,0.0217608299357156,0.00300562903833326,0.000335749792601048,0.00641289249623235,1.31130941504234e-05,0,1.38044448238313e-05,0.0173098129743625,0,0.0957742255288597,0.0733346734993426,0.0684169268868115,0.0440751137990439,0.0417801473652025,0.00293319134755267,0.000726250734502671,0.0211967291636921,0.0239710722879534,0.0478576533823373,0.0360819610405884,0.0446526845229999,0.000319618705074437,0.000251551338564249,8.92270942760614e-05,0,0.00339595963697097,0,0,0,0.00077452250512599,0.000194421142578173,0.000226790728752174,0,0.00159832111408838,0,0.000116801476764505,8.124439965822e-05,0,0.00805352091652761,0.000104047765681352,0,0,0,0.00411229311247617,9.64733200289787e-05,0.00880039713524892,0.00132091221690174,0,0.000490769680291164,0.0120734536984259,0.0022208163088151,0.000330833797103935,0.000817802945258119,0,0,0,0.0032424770388889,2.38085147283691
0.044220272478033,0.00707711268821258,0.0326496264978344,0.000541128969411045,0.000945417911028056,0.000140051346912345,0.0314420831054292,0.034693448705311,0.379906619731446,0.00561618500553629,0.175028174062902,0.001848600318444,0.832983323389622,0.0198935472946064,0.0202396885486984,1.14764044715652,0.00803003853416469,0.0232582150373417,0.0230996979383608,0,0.356076470253321,0.0524017632305152,0.642629261255739,0.110194932791725,0.00523903053654472,0.0270352536780425,0.319848210768819,0.102332176346038,0.0230305027950256,0.339390107926642,0.000347738155921238,0,0.00112621036883274,0.418806539723858,0.0957742255288597,0,2.5060395328758,2.41273882693224,1.05583908077766,3.71365489174702,0.198438922407503,0.575526959081559,1.97440418585458,0.0128213515716521,0.0195936635619089,0.0150564026534123,0.0115753832692845,0.00214648415382044,0.000779861239633942,0.00180697220637282,0,0.00173383460638612,0,0,0.000127281100240653,0.00224608171338655,0.00166705488018772,0.108484316049731,8.39063985961577e-05,0.00218825997113612,0,0.00275367842107763,0.000506454290631652,0,0.0223674711648043,0,0,0,0,0.00419989289056094,0.00254972891552392,0.00502321226407741,0.0648446828739115,6.62754275270495e-05,9.99335814864796e-05,0.00329937419219095,0.0101920108936079,0.00278136032981504,0.00679803012079963,0,0,7.34160412195492e-05,0.00171903266144334,0.0476211505359986
0.0116997031631121,3.95403435332001,1.35965469164383,0,0.0012643415031073,0.000513877610503997,0.0478656001981054,0.0131262266717951,0.0556311382842531,0.0111726888490569,1.26218487663708,0,0.133482299217492,0.016611704961812,0.0101510602305869,5.14105740439988,0.127359585652487,0.252435772854482,0.907466715486974,0.000746095943983255,0.311300991189394,4.12226456586076,2.42239324109224,0.119805668962199,3.74316244672032,1.03215615136492,5.44604674256354,0.0817637724843241,0.00268177814757429,0.161867572259794,0.00663997292935121,0,0.000269997784652781,3.32858304322708,0.0733346734993426,2.5060395328758,0,3.85351792517219,2.8044619887097,1.40963162677518,0.575112287319756,0.549718234216488,0.0164812281401846,0.299863193724582,0.0467915048017723,0.0222891102427554,0.00766178170200475,0,0.00202549154669983,0,0.0102860737758354,0,0,0,0,0,0,0.0134743270034373,0,0.00517158971175013,0,0.181550375590827,0,0,0.0014624500964692,0,0,0,0,0.00142082981597359,0.0126668360467561,0.000590588553901678,0.00514306815957064,1.0662907278202,0.000313443226411705,0.144625253083786,0.00100617994448838,0.000312671647780174,0.000359473230922225,0,0,0,0.000673515979106742,0.0454927623422629
0.0571523553901667,0.157105763444703,0.252123531849046,0.00292574986139015,0.0243382588058655,0.0381696308066956,0.0654036621429873,0.224659385803814,0.0371050142983865,0.0150530839972489,2.5036233052551,0.00685053477628481,0.389453180662385,0.180577219569285,0.00146663045874157,0.678137741052888,0.0215467160728584,0.180053831402077,0.180135486216979,0.00467607110348647,0.638857274434371,0.0201634982092309,1.18906572605296,0.122273240852265,0.0398137514325554,0.186688437934819,1.39930181247304,0.172101540965232,0.202224635609701,0.244600836160392,0.00454386609906798,0,0.0340162717970805,10.6898188997354,0.0684169268868115,2.41273882693224,3.85351792517219,0,5.52721125952906,1.57490395670277,2.33583991124458,0.0836198795102681,0.0244291428648881,0.0061041217506144,0.011286400487772,0.0203662822000466,0.0098660187922728,0.00057343440844396,0.000264879044570623,0.00118056764429713,0.000151337114383927,0.000255984565651618,0,0,0,0.00205227030857776,0.000957754483471848,0.0130897360363634,3.87939878780975e-05,0.000597715491047358,0,0.0004315933085976,0.00018673082873412,0.000192842592297029,0.00364818516678148,0,0,0,0,0.00156783183442993,0,0.00105667698748819,0.0159638317784698,0.00161987644300191,0.000146635352383067,0.00149104851755484,0.00289008167721944,0.00130522812421534,0.00202206019661012,0,0,0,0.00116124896685245,0.0549405503359964
0.0139779459654134,0.0600178352887407,0.0940560985027962,0,0,0,0.0272331979521128,0.00874204901330414,0.00956229269805282,0.00517939362875142,0.379882995810424,0,0.0514784168968972,0.00372420048401323,0.0053323963476619,0.496308870023956,0.010677962717242,0.0537693888425791,0.057840473806539,0,0.155631124060217,0.0102597797076041,0.901458062760792,0.0271525505419758,0.00662162289198921,0.0532920233019302,0.54368686550184,0.0457785984896525,0.00279515970495255,0.0436724946110382,0.00106996486617061,0,0,1.6036258989029,0.0440751137990439,1.05583908077766,2.8044619887097,5.52721125952906,0,1.53986497450694,2.71467830250334,0.111076576393488,0.0181861770527837,0.0133722768823253,0.0311001292593688,0.0260372658733827,0.0213465625608012,0.000414011268006895,0,0,0,0.000592192491818984,0,0,9.08968474155874e-05,0.000501181644693621,0,0.00281741798996155,0,0.00327839929899065,0,0,0,0,0.0024276078225502,0.000284361035408319,0,0,0,0.00212149117946055,0,0.00201096822030001,0.00346182790038538,0,0.00023574606153619,0.00226377457852332,0.000974946033507472,0,0.000825010911594893,0,0,0,0.000436848070458562,0.0407435744641342
0.10793344707029,0.004413904552971,0.0144201964897469,0.220321473754277,3.71130457806168,2.92596091831423,0.298604426969722,0.961204418673807,2.16045069379613,0.449969716963982,0.0476164771697199,1.21389364371757,0.0400136574618642,0.684651282453471,7.6119329267315,0.696336175467702,0.00511155158903041,0.00428485840939653,0.00563938331972678,0.461325403029646,0.321315015483959,0.0172577146410061,0.474724971346339,0.748120886215569,0.00158651227345286,0.00545999261734733,0.123748797191513,0.45723775942697,0.190829069788372,0.22912196276025,0,0.00882201837448092,0.0032309192646304,0.866929966144999,0.0417801473652025,3.71365489174702,1.40963162677518,1.57490395670277,1.53986497450694,0,0.769216769693424,0.0616575401927756,0.0113961337274161,0.00507772992448934,0.0185248468524546,0.00732749560712166,0.0258166369694422,0.0029889193086715,0,0.00396547547641647,0,0,0,0,0.000233206356764057,0.0131876478375288,0.00280022281561081,0.0434661729967584,0.000793645751889812,0.000181755312770056,0,0.000659557131501551,0.000896816400921179,0,0.00117016541867163,0,0,0,0,0.000376090982471379,0.00119556918268881,0.000664953482482841,0.096034599027648,0.000193361804151559,0,0.00110274088835863,0.0139026342571289,0.00592608139082331,0.00498779583020579,0,0,0.000278999197490189,0.00353694674560339,0.0323654530812022
0.0137902866417796,0.010007226052572,0.0136321647658425,0,2.05596378994322,0.01185314441176,0.00924645621871648,0.0643616797238882,0.0077807744576772,0.00147464077524346,0.0484822775967699,0,0.108502387201827,0.0556413982174931,0.00261271359406966,0.239843469510735,0.00190286421940138,0.0073021128524826,0.00842176284625292,0.000273804320233065,0.139545189012084,0.00321210780707382,0.124931977261121,0.0236815904909783,0,0.00392087246800007,0.0474032206158934,0.0296783340616934,0.00702654537429449,0.0698335156260727,0,0.00119933300708559,0,0.889558536982169,0.00293319134755267,0.198438922407503,0.575112287319756,2.33583991124458,2.71467830250334,0.769216769693424,0,0.00801177886417143,0.00175607920745952,0,0.000538344985536402,0,0.00221166676594825,0,0,0.000156914688482675,0,0,0,0,0,0.000824573193069267,0.00022692568923377,0.00236410890536064,0,0.000333819039798691,0,7.37542930757664e-05,0.000155228496330357,0,0.000502404627223658,0,0,0,0,0,0.000395803098460708,0,0.00466100376311796,0,0,0,0.000544596159934526,5.16266454546055e-05,0.000140574389630992,0,0,0,6.21757517375171e-05,0.00212945295819278
0,0,0.000394969335284759,0,0,0,0.000179867815377481,0.000164124956972532,0,0,0.768764066485083,0,0.696998742876257,7.40249268143603e-05,0,0.022691490810162,0,0.00128224518430971,0,0,0.00248410060325022,0.000264796549546961,0.00519369222800532,0.00125796530246482,0.052265228262789,0.000870834576195088,0.00249665304298498,0.000280937833838915,0.000116337705510115,0.00156314244649719,0,0,0,0.00387958883356884,0.000726250734502671,0.575526959081559,0.549718234216488,0.0836198795102681,0.111076576393488,0.0616575401927756,0.00801177886417143,0,0.000306654579656326,0.000195897408955857,0,0.000489831229787768,0,0,0,0,0,0,0,0,0,0,0,0,0,0,0,0,0,0,0.00073343767857453,0,0,0,0,0,0,0,0.000459896177415377,0,0,0,0,0,0,0,0,0,0,0.00017801275052464
0.0140587917139054,0.000126323141274553,0.000618470799213048,0,0,0,0.0187115963056664,0.00997616503453481,0.0154569884433643,0.00140129298652712,0.00136887395503837,0,0.0674645639295124,0.00575269691660741,0.00121407386362216,0.0832263925925312,0,0.000271805470421103,0.000149201759116743,0,0.00406948193495681,0.0282133145767486,0.0048431469968391,0.072084927764064,0.000113827066366903,0.000234789176339216,0.00314604081163194,0.0329105676586074,0.00572982381222131,0.049878425271697,0,0,0.000344698632736153,0.00448956407234353,0.0211967291636921,1.97440418585458,0.0164812281401846,0.0244291428648881,0.0181861770527837,0.0113961337274161,0.00175607920745952,0.000306654579656326,0,2.86642723647892,2.16757040445848,0.893771025920482,2.25033244965719,0.11626274269128,0.452965252238818,0.0588832441054601,0.00152710663329924,0.26044890586144,0.000651255152527591,0,0.0032674597480891,0.0865196249916295,0.0320770064471786,0.135650737367853,0.00204382168716272,0.343807342355413,0.0291763518109585,0.317242113127756,0.0123736337938765,0.000686139199102967,0.874085504688573,0.0109701297709094,0.00288785025924413,0.00549342251385534,0.000127951681642063,0.467985051043941,0.00578925238296666,0.529688336326612,0.174479589743087,0.00079488081852292,0.0463803034939803,0.324829758240981,0.330113065894128,0.0468120017100081,0.292676961397574,0.000113479639458135,0,0.00295328793144815,0.262983116814279,0.115708726689815
0.000345573521842342,0.000680031218549343,0,0,0,0,0.000132054117013402,0.000547025643687287,0.000539601354982867,6.26878770460543e-05,0.000657281138885275,0,0.000435353052288361,0,0,0.00238472170985815,0,0,0.000899753495535248,0,0.000341861868320927,0.00151028029994408,0.00054337391122576,0.00249089649099805,0.0257385471564802,3.47757300925072e-05,0.000975521009293085,0.0016754602128838,0.000671616465664336,0.00178688911032104,0.00148031239069356,0,0.000387669568706174,0,0.0239710722879534,0.0128213515716521,0.299863193724582,0.0061041217506144,0.0133722768823253,0.00507772992448934,0,0.000195897408955857,2.86642723647892,0,4.27027779775152,2.98108305026466,1.10372734559285,0.248384910413763,1.02212016987965,0.00247906759280293,0.878848802663327,4.47784662582625,0,0,0.00117533657173464,0.0999039809457889,0.0162711649563633,0.0103887968358889,0.000187788480107143,0.731791348939389,0,0.609025640920454,0.00331274919716503,0.000358484118950331,5.94701707865247,0.406006969949578,0.104708764463979,0.345037751801709,0,0.413251621259986,0.680881022646314,1.41713589472531,0.128101290867602,2.72305312672079,1.66937522354631,6.39181216062904,0.133095092192891,0.00234334421168961,0.0448457565612737,0.00283800033756844,0,0,3.32100714046732,0.0661502822116901
0.00568056997454174,0.000131457695982894,0,0,0,9.77734116375511e-05,0.00483509192258602,0.0029605547896731,0.00578605841758996,0.000593920598194543,0.000224146421713103,0,0.0017584135955541,0.00247271205504649,0.000977409523837238,0.00430004966991199,0,0,0,0,0.00127164820905232,0.000666153089911477,0.000884523908292042,0.0201892057175679,0.0013165148380457,8.1403937343124e-05,0.00150281293468993,0.00540776743802275,0.000800510451048612,0.00683795126177184,0,0,0,0.00130446005695618,0.0478576533823373,0.0195936635619089,0.0467915048017723,0.011286400487772,0.0311001292593688,0.0185248468524546,0.000538344985536402,0,2.16757040445848,4.27027779775152,0,5.66154472119791,1.36709832601807,2.89525099688227,0.272417939758451,0.0711590951558543,0.0232003651191991,0.960835132032636,0.000355785835888221,0,0.0103784426263488,0.209863048592433,0.0848502534362469,0.0323580552973704,0.00508964391935442,3.56219042641747,0.000581958900158827,0.117844091072872,0.0194138123017467,0.000864930089135043,0.401453443475054,0.0572461330999148,0.24767616381224,0.133444589866878,0.00022889660142675,0.90441653276264,0.0177814123367103,1.01253394473254,0.142943024317924,0.0316208680845105,0.789025450243813,1.47834614648254,0.374164127769175,0.145295562311548,0.390022627049019,0.00103208881321217,0,0.0110816576317569,11.1268768310509,0.0914524165322969
0.00170073118737001,0,0.00147364095708125,0,0,7.84356691548305e-05,0.00154610605479985,0.000531150931984524,0.00156454491359802,0.000208831565278272,0.000546689404085214,0,0.000818104883084563,0.00037580895192145,0,0.00889702460991382,0,0,0,0,0.00104727096551348,0.00023385970984156,0.00572482236941387,0.0057818508932809,0,0,0.00127726386510414,0.00291540240128773,8.19525248355419e-05,0.00170378663055433,0,0,0,0.004116970967133,0.0360819610405884,0.0150564026534123,0.0222891102427554,0.0203662822000466,0.0260372658733827,0.00732749560712166,0,0.000489831229787768,0.893771025920482,2.98108305026466,5.66154472119791,0,1.20811306657428,1.91499414455094,0.0368206919093699,0.0204591659780445,0.00692738830989922,0.675250079531769,0,0,0.00674782453047129,0.125302000718999,0.055356314472031,0.0121207983673446,0.00141290537417447,0.127261001499428,0.000133187748071159,0.0246980086671382,0.010562355455181,0.000300263336174209,0.88133295829354,0.0278614269763205,0.0105488757215357,0.00887572932362834,0,0.683922247902452,0.00688941257999306,1.29219610479426,0.0542752546320169,0.00348589126751374,0.0951953009360173,0.580146541148088,0.147834146400442,0.0118788594119785,0.106451566212636,0.000521608704571375,0,0,0.893515374599031,0.0650340295466649
0.0104116667838535,0,0,0.0013233694858201,8.10997229445378e-05,0.00122949116559863,0.0185442148381445,0.0151456898194394,0.095501215824408,0.00327226039970613,0.000870418836277603,0,0.000669851904147509,0.00708869235757188,0.000130771943673216,0.00534183465135389,0,0,0,0,0.00083267121864935,0.00321475138454076,0.00165842838398839,0.107261114184546,0,0,0.000431542907144229,0.0228071273987311,0.00324890590617964,0.0115519636983387,0,0,0.000135001635891421,0.00206147341381015,0.0446526845229999,0.0115753832692845,0.00766178170200475,0.0098660187922728,0.0213465625608012,0.0258166369694422,0.00221166676594825,0,2.25033244965719,1.10372734559285,1.36709832601807,1.20811306657428,0,0.257564345481047,0.0643492644513038,0.21978190800959,0.000323973539085604,0.127688708840229,0.118321808536069,4.66600535294562,1.8420724744426,0.838281629431595,0.310458744160801,1.58342679505106,0.370357842482076,0.0608519628944797,2.1641123777003,0.0304700091948286,0.207411899025247,9.05784725843631,0.783401902181441,0.00473888923898313,0.00751000035281716,0.00174315513650715,0.379733867327723,0.328102809858203,0.0026563193966806,0.528149678924101,0.364377048666145,0.000799930052705818,0.00503631065251931,0.214463222321225,0.656076246758869,0.674541410421774,0.171481468096864,0,0,0.00372122511051553,0.833314615006456,0.0594574389752812
0.00508882895383892,0,0.00013114036873369,0,0,0,0.00398604476287246,0.00257645239604363,0.0126445628486365,0.000557263278480651,5.82866104009974e-05,0,0,0.00186889354944824,0,0.00416271604698969,0,0,0,0,0.000439728125502837,0.000111766490687708,0,0.017646213528404,0,0,0.000184528802839919,0.00445141069928174,0.00116328150601144,0.00743619400294496,0,0,0,0.000734059195412248,0.000319618705074437,0.00214648415382044,0,0.00057343440844396,0.000414011268006895,0.0029889193086715,0,0,0.11626274269128,0.248384910413763,2.89525099688227,1.91499414455094,0.257564345481047,0,0.0501154758681804,0.0658013828718014,0.000307935819626341,0.0565123630551275,0.000894934995157495,0.166054644914733,0.0118371480668221,0.0588958027628894,0.028800804142024,0.0246341731997069,0.00124334133275082,0.0950776964746333,0.00040159228814958,0.00152943230184024,0.0208616661871333,0.000869411769506556,0.187477372886534,0.0019161944773269,0.00321449918215165,0.000197942249978458,0.00230500771388355,0.15086804116662,0,0.164852805202078,0.0688870737241284,0.000870350000254909,0.00270561140882374,0.0513508097332659,0.110783303608287,0.0856597320122236,0.0971564944379914,0,0.0910463475777271,0.00613185585721743,1.13040786248323,0.00136873677427103
0,0,0,0,0,0,8.85989719349627e-05,0,0.000884038359851624,0,0,0,0,0.000276883483611833,0,0,0,0,0,0,0,0,0,0,0,0,0,0,0,0,0,0,0,0,0.000251551338564249,0.000779861239633942,0.00202549154669983,0.000264879044570623,0,0,0,0,0.452965252238818,1.02212016987965,0.272417939758451,0.0368206919093699,0.0643492644513038,0.0501154758681804,0,0,0,0.00145273545220445,0,0,0,0.000657472299468975,0,0.00082407177291354,0,0.558399535196438,0,1.08397422868192,0,0,0.0210857047741784,0,0,0,0,0.00432535050798764,0,0.00442157406528759,0.00102983500632351,0.030310862785129,0.00161483169997614,0.00268131592331844,0.00291298578393429,0.000293073717947116,0.000831339745441567,0,0,0,0.00368055390252033,0.00165009504650657
0.00116255843820421,0.000264074355424936,0.000170821519626774,0,0,0.000144198352421965,0.00279564952993508,0.00188203881085123,0.00833923159987237,0.000556397414020052,0,0,0,0.00104086046245813,0,0.00131828053774279,0,0,0,0,0.000280192200836414,8.66802311653859e-05,8.67226130468962e-05,0.0153642433290728,0,0,0.000112576868290322,0.0034972612440316,0.00102272689370657,0.00333336846819252,0,0,0,0.00015159799498106,8.92270942760614e-05,0.00180697220637282,0,0.00118056764429713,0,0.00396547547641647,0.000156914688482675,0,0.0588832441054601,0.00247906759280293,0.0711590951558543,0.0204591659780445,0.21978190800959,0.0658013828718014,0,0,0.00025694003143821,0.00240252982574833,0.000849041597773575,0,0.0232695184160916,0.775289204508312,1.11516744047638,0.0314415846295814,0.00953941466078559,0.000904487454599015,0.00236938274490606,0.000212682921681461,2.9337501827586,0.00745803717859779,0,0.00125496612288411,0.000460327025121051,0,0.00466722577338832,0.00163481952112892,0,0.000967927071138584,0.0428739791400635,0.000454341666986978,0.000331422591881347,0.000768297538964266,0.0574099260543889,2.48580378999463,0.603868645632633,0,0,0.0191743426058949,0.0933708108878958,0.000967151269766918
0,0.0117856598697878,0,0,0,0,3.43061868131045e-05,0,0.00835865771999532,0,0,0,0.00065474761903464,0,0,0.00119510667017975,0,0,0,0,0,0.0202811865785657,0,0.00231219331521743,0.00358668375854029,0,0.000249507183533987,0.000231620439666675,0.000190954484679297,0,0,0,0,0,0,0,0.0102860737758354,0.000151337114383927,0,0,0,0,0.00152710663329924,0.878848802663327,0.0232003651191991,0.00692738830989922,0.000323973539085604,0.000307935819626341,0,0.00025694003143821,0,0,0,0,0,0.000437455158530326,0,0.136167359897552,9.91793744872299e-05,0.00425796924800893,0,0.0302144974136629,3.69612677077768e-05,0,0.0824996032279601,0,0,0.00016823006554036,0,0.000475183164642901,0.926662160948854,0.000469023429797658,0.0656690503002385,1.21184538190574,0.000959712109038527,1.31223138842867,0.00178553437769362,9.99631010560526e-05,0.000767765312378591,0.00118605776618506,0,0,0.00764322749066104,0
0.000163226923857644,0,0,0,0,0,0.000260721980344097,0.000155477065781236,0,9.05700783358594e-05,0,0,0.000250994341157046,0,0,0.000548843978417701,0,0,0,0,0,0.000287771221742741,0,0.000477865078895936,0,0,2.81907738219119e-05,0.000162955048634131,9.90654361144629e-05,0.000161554325769822,0,0,0,0,0.00339595963697097,0.00173383460638612,0,0.000255984565651618,0.000592192491818984,0,0,0,0.26044890586144,4.47784662582625,0.960835132032636,0.675250079531769,0.127688708840229,0.0565123630551275,0.00145273545220445,0.00240252982574833,0,0,0,0,0.00465570152466762,0.224806278912684,0.0457939242281858,0.000450912847450137,0.00129713254705504,0.00975403636725821,0.000487939585215604,0.000192990774856416,0.0127906845832831,0.000154695634931735,0.0141013404983929,1.20641462836937,0.00654771097652375,0.152062244844077,0,0.247062961753618,0.00168713218155255,2.05019743898362,0.0137337410333118,7.00531970462114e-05,1.21001192918934,0.923410338671715,0.0583680735349351,0.00174551804439422,0.0470054057839908,0,0,0,1.28873295800836,0.00970540729145335
0,0,0,0.00934586329974896,0,0,9.32243838146479e-05,0,0,0,0,0,0,0,0,0,0,0,0,0,0,0,0,0,0,0,0,0,0,0,0,0,0,0,0,0,0,0,0,0,0,0,0.000651255152527591,0,0.000355785835888221,0,0.118321808536069,0.000894934995157495,0,0.000849041597773575,0,0,0,0,0.033538668846213,0.00785402214627372,0.00971974561116423,0.129874715948392,0.472537609646986,0,0.352369515077924,0,0.00292088092427878,0.00169685033521887,0,0,0,0,15.0816167177371,0,0,0,0.323637874700189,0,0,0,1.35899189744828,0.00855140270570676,0,0,0,0,0.00153351438697458,0
0,0,0,0,0,0,0,0,0,0,0,0,0,0,0,0,0,0,0,0,0,0,0,0,0,0,0,0,0,0,0,0,0,0,0,0,0,0,0,0,0,0,0,0,0,0,4.66600535294562,0.166054644914733,0,0,0,0,0,0,0.000193367496069997,0,0.0247182970919281,0,0,0.00157298741055831,0,0,0.00392472484906016,0.037058975510451,0,0,0,0,0,0,0,0,0,0,0,0,0,0.00188428498548276,0,0,0.20067623437499,0,0.00656304285678555,0
0.000485475606930094,0,0,0,0,0,0.00044827759345211,0.000301252248932529,0.0034682320344865,7.87839098867622e-05,0,0,0,0.000183267974030207,0,0.000442390590380901,0,0,0,0,0,0,0,0.00263136621307723,0,0,0,0.000744677087345058,0.000114185535243016,8.77102540012241e-05,0,0,0,0,0,0.000127281100240653,0,0,9.08968474155874e-05,0.000233206356764057,0,0,0.0032674597480891,0.00117533657173464,0.0103784426263488,0.00674782453047129,1.8420724744426,0.0118371480668221,0,0.0232695184160916,0,0.00465570152466762,0.033538668846213,0.000193367496069997,0,0.551935625296195,3.59811400349874,0.048256337095706,3.21369077957514,0.00010072690640758,0.780978454982933,0,0.320774019221596,0.779118194332164,0.000399393071448659,0.00137755767025842,0,0.00081252700726593,0.204484707861353,0.00167966641759465,0,0.00245426199772081,0.0567489988638527,0,0.000984844535257837,0.00024818495028205,0.199791602767384,0.14719685189032,0.00806745820960608,0,0,0,0.0132915327984727,8.83106684826304e-05
0.00397742267299544,0,0.000100045466301011,0.000382211726332482,0,0.000235869221885104,0.0118070393931114,0.00839892764639151,0.0352660339350434,0.00144851476357991,0.000146486128905392,0,0,0.00418028710984926,0,0.00310556559313036,0,0,0,0,0.000571247242104216,0.00149990238835284,0.000152147138412009,0.0562910715721558,0,0,0.00013517451840049,0.0152881758642388,0.00271925377400313,0.00712927545890468,0,0,3.60423694250357e-05,0.000786253260451259,0.00077452250512599,0.00224608171338655,0,0.00205227030857776,0.000501181644693621,0.0131876478375288,0.000824573193069267,0,0.0865196249916295,0.0999039809457889,0.209863048592433,0.125302000718999,0.838281629431595,0.0588958027628894,0.000657472299468975,0.775289204508312,0.000437455158530326,0.224806278912684,0.00785402214627372,0,0.551935625296195,0,0.910955138699691,0.33941496062335,1.36531884064325,0.00338591390106548,0.0186837111359996,0.000441940531965552,0.817296570594883,0.0139794196262437,0.00672068034853213,0.0662464972630298,0.000612915401959664,0.0177663864423567,0.00416252074030427,0.359868301417397,0.00126394393002431,0.222687320774877,0.286322545304379,0.000477707453757924,0.0420530228722027,0.021056691802584,2.88222412971289,0.266192345308646,1.86540175515246,0,0,0.00127134245526153,0.405246449541377,0.00337221487325918
0.00221586549841453,0,0,0.000131845060782633,0,0,0.00374898500836912,0.00258720214998177,0.00596985630738702,0.000365694814031505,0,0,0,0.00229282460087928,0,0.00190916163810418,3.83397110137159e-05,0,0,0,0.000293247415016899,0.000710122571877209,3.22646794752306e-05,0.0168363969204688,5.07121253887459e-05,0,1.95650457501858e-05,0.00507999616647837,0.00147979541245262,0.00421234385366263,0,0,0,0.000192409326419118,0.000194421142578173,0.00166705488018772,0,0.000957754483471848,0,0.00280022281561081,0.00022692568923377,0,0.0320770064471786,0.0162711649563633,0.0848502534362469,0.055356314472031,0.310458744160801,0.028800804142024,0,1.11516744047638,0,0.0457939242281858,0.00971974561116423,0.0247182970919281,3.59811400349874,0.910955138699691,0,0.0301075891741189,0.249797854851912,0.00091725316499075,0.0264372267225011,0,1.41310075868491,0.0692927076559431,0.00108686414506524,0.0265055911631494,0.000280164389209414,0.00973160420071282,0.0352447175995444,0.0135628054957243,0.000810329233345026,0.0222141884136324,0.0494103570969376,0.00029998881071035,0.0124240092520602,0.00344866033878968,0.0883263859543275,0.138413805567169,0.28101404249616,0,0.0192118285214515,0.00147503908389843,0.150541170846543,0.000898253830127672
0.0419627022752522,0.000112433009524445,0.000615083867560288,0.000805692649447021,0,0.000286632421086373,0.0471777537196821,0.0233785200959158,1.64001325220256,0.00296367135427255,0.000255098611738978,0,0.000137171490418389,0.0143927676212948,0,0.125407899847352,0,0,0.000376665553651345,0,0.00492167079283629,0.11341421128561,0.00238469119280307,0.293601516602062,0.00306010590567358,0,0.000742956724595402,0.0556700905009576,0.0109619573417266,0.0432153872520214,0,0,0.000950533675187019,0.00733348732524191,0.000226790728752174,0.108484316049731,0.0134743270034373,0.0130897360363634,0.00281741798996155,0.0434661729967584,0.00236410890536064,0,0.135650737367853,0.0103887968358889,0.0323580552973704,0.0121207983673446,1.58342679505106,0.0246341731997069,0.00082407177291354,0.0314415846295814,0.136167359897552,0.000450912847450137,0.129874715948392,0,0.048256337095706,0.33941496062335,0.0301075891741189,0,0.0449789082184401,0.00199649845092004,1.06197605144728,0.232569284977948,0.00900492462633518,0.0641285441598506,0.0148740563527801,0,0.000107940127345798,0.000192995667095384,0.151048668150691,0.0021885040864382,1.54777324656757,0.00341967072581155,5.87485856177222,0.5756219426692,0.000286996931175496,0.0996295535621695,0.740312728650042,0.0490214055265081,0.0171026668010109,0,0,0.000746339161570048,0.0217389227069142,0.000318324793431048
5.92244021203267e-05,0,0,4.70347926271241e-05,0,0,0.000129007897095141,0.00013397356466377,0.000907632530520175,6.76359920463851e-05,3.47670545136794e-05,0,0,0.00025233632730716,0,0,0,0,0,0,0,0,0,0.000805634945054885,0,0,0,0.000463080527836244,0.000197271792533184,0.000126855477596819,0,0,0,0,0,8.39063985961577e-05,0,3.87939878780975e-05,0,0.000793645751889812,0,0,0.00204382168716272,0.000187788480107143,0.00508964391935442,0.00141290537417447,0.370357842482076,0.00124334133275082,0,0.00953941466078559,9.91793744872299e-05,0.00129713254705504,0.472537609646986,0,3.21369077957514,1.36531884064325,0.249797854851912,0.0449789082184401,0,5.80585632319157e-05,1.25826824398678,2.36398272225788e-05,0.0866910263392462,0.0765864818491452,0.000200293182072379,0.000508575410543725,0,0.000146676229939333,1.61582107396321,0.000206164053313046,0,0.0011024476991655,0.174045271851446,0,0.000520873806716755,0.000292676297570869,0.749150143951916,0.0474740415151872,0.00216798115667362,0,0,0,0.0060110299010761,5.28746534118657e-05
0,0,0,0,0,0,9.61248475220271e-05,2.56340659195665e-05,0.000537586568424277,0,0,0,0.000120113817911022,4.82654370962698e-05,0,5.20939011208375e-05,0,0,0,0,0.000181278476503829,0,0.000184307709824094,0.000478381221855201,0,0,0.000638349501144937,0.000187255469020507,0.00016259972947389,3.55391440660198e-05,0,0,0,0,0.00159832111408838,0.00218825997113612,0.00517158971175013,0.000597715491047358,0.00327839929899065,0.000181755312770056,0.000333819039798691,0,0.343807342355413,0.731791348939389,3.56219042641747,0.127261001499428,0.0608519628944797,0.0950776964746333,0.558399535196438,0.000904487454599015,0.00425796924800893,0.00975403636725821,0,0.00157298741055831,0.00010072690640758,0.00338591390106548,0.00091725316499075,0.00199649845092004,5.80585632319157e-05,0,0.000149201465952332,1.69189943435507,0.000361435651248886,0,0.0144308010325263,0.00039414136396289,2.18347232000779,0.302170988017673,0,0.00535697070713548,0.0011212461257768,0.00966946286271668,0.00278479979523084,0.198992982429882,0.726451738975772,0.23351724795463,0.00472305961262841,0.00177248156914845,0.00335175115765644,0.00319593420250807,0,0,1.88291493541301,0.00510266698909242
0,0,0,0.00095489554006962,0,0,0.000252711441067869,0,0.000709715524436714,0,0,0.0418688358211542,0,0,0,0,0,0,0,0,0,0,0,0.000685796599182832,0,0,0,0.000517214936015304,0,0,0,0,0,0,0,0,0,0,0,0,0,0,0.0291763518109585,0,0.000581958900158827,0.000133187748071159,2.1641123777003,0.00040159228814958,0,0.00236938274490606,0,0.000487939585215604,0.352369515077924,0,0.780978454982933,0.0186837111359996,0.0264372267225011,1.06197605144728,1.25826824398678,0.000149201465952332,0,0,0.00845773762891409,1.76074154959298,0,0,0,0,6.29144284804962,0,0,0.000101446037172352,0.215578407344302,0,0.000212808889199639,4.74585205796959e-05,0.198403436829207,0.00802076564928169,0.000103606087738749,0,0,0,0.000635955922087553,0
0,0.00141556413583674,0,0,0,0,0.000281087758911354,0,0.00663272650359256,0,0.00164113175071061,0,0.0125240618672866,9.99727944620077e-05,0,9.29409161976036e-05,0,0,0,0,0,0.00447367408144914,0,0.00104433015991238,0.144773456865403,0.00111533566165108,0.0155499574456427,7.3753295910541e-05,0,4.40402816660182e-05,0.000405731995059014,0,0,0,0.000116801476764505,0.00275367842107763,0.181550375590827,0.0004315933085976,0,0.000659557131501551,7.37542930757664e-05,0,0.317242113127756,0.609025640920454,0.117844091072872,0.0246980086671382,0.0304700091948286,0.00152943230184024,1.08397422868192,0.000212682921681461,0.0302144974136629,0.000192990774856416,0,0,0,0.000441940531965552,0,0.232569284977948,2.36398272225788e-05,1.69189943435507,0,0,7.3084871207987e-05,0,0.018582475233792,0,0.000234381759390834,6.36125569246715e-05,0,0.00604303613021532,0.223294867128955,0.00173655634069373,0.0401080147073598,4.67791741024609,0.190660369882524,0.342454808125733,0.00448185212685999,3.43137612315329e-05,0.00241723154052814,0.637887693485335,0,0,0.00663097358411394,0.000248898906802993
0.000734205637976283,0,0,0,0,0,0.00122496897845399,0.000589148096165694,0.00355046313745908,0.000239653667653517,0,0,0,0.000499025475645746,0,0.000403321598210181,0,0,0,0,0,0.000143230388657656,3.13546299498693e-05,0.00644177679473427,0,0,0,0.00212504743564522,0.000789101922949926,0.000780962232532064,0,0,0,0,8.124439965822e-05,0.000506454290631652,0,0.00018673082873412,0,0.000896816400921179,0.000155228496330357,0,0.0123736337938765,0.00331274919716503,0.0194138123017467,0.010562355455181,0.207411899025247,0.0208616661871333,0,2.9337501827586,3.69612677077768e-05,0.0127906845832831,0.00292088092427878,0.00392472484906016,0.320774019221596,0.817296570594883,1.41310075868491,0.00900492462633518,0.0866910263392462,0.000361435651248886,0.00845773762891409,7.3084871207987e-05,0,0.0114606868039614,0.000707857312860641,0.00658999911019679,3.61115140106014e-05,0.00203280055358639,0.00984368196732929,0.00366983056620864,0.000250361128776129,0.00615729446126155,0.0185193595453979,0.000142898770762919,0.00317195520100159,0.000806452129885399,0.0306869192908773,0.588567388190125,0.180241846633969,0,0,0.00179206333039289,0.0392276346628187,0.000310447368860023
0,0,0,0,0,0,0,4.08428232474816e-05,0.00140443323794665,0,0,0,0,0,0,0.000214947697175326,0,0,0,0,0,0,0,0.000313951254626166,0,0,0,3.71190018748535e-05,0,0,0,0,0,0,0,0,0,0.000192842592297029,0,0,0,0,0.000686139199102967,0.000358484118950331,0.000864930089135043,0.000300263336174209,9.05784725843631,0.000869411769506556,0,0.00745803717859779,0,0.000154695634931735,0.00169685033521887,0.037058975510451,0.779118194332164,0.0139794196262437,0.0692927076559431,0.0641285441598506,0.0765864818491452,0,1.76074154959298,0,0.0114606868039614,0,0,0,0,0,0.0727291357329489,0,0,0.0005339326071305,0.00159867897134108,0,0,0,0.00609460345065348,0.00460445570541703,0.00136754985338498,0,0,0,0.000514917454800836,0
0.000283988851744411,0.000417489521798133,0,0,0,0,0.000626950159410045,0.000601473673166714,0.00773910654502508,0,0.000592471646929951,0,0.000150010874267244,0.00027555604634659,0,0.0330344682006697,0,0,0,0,0.00129931376718181,0.0168062116263789,0.000580893512370478,0.0132415032459302,0,0,0.000257618810313008,0.00345840569243276,0.000311424038909836,0.0039535330571688,0,0,0,0.00103324825636388,0.00805352091652761,0.0223674711648043,0.0014624500964692,0.00364818516678148,0.0024276078225502,0.00117016541867163,0.000502404627223658,0.00073343767857453,0.874085504688573,5.94701707865247,0.401453443475054,0.88133295829354,0.783401902181441,0.187477372886534,0.0210857047741784,0,0.0824996032279601,0.0141013404983929,0,0,0.000399393071448659,0.00672068034853213,0.00108686414506524,0.0148740563527801,0.000200293182072379,0.0144308010325263,0,0.018582475233792,0.000707857312860641,0,0,0,0,0.000113668158035124,0,3.02731093842586,1.75465123462124,1.23543545496466,1.40758982159477,0.0110288302290715,0.00131559270663957,1.38112416144298,1.05270805304031,0.00191696532552474,0.0232761542523899,0,0,0,0.16797592361318,0.0447705804891934
0,0,0,0,0,0,0,0,0,0,0,0,0,0,0,0,0,0,0,0,0,0.000468893502511947,0,4.82216489372876e-05,0,0,0,0.00023528611863461,0.0001460193460327,5.60442268871977e-05,0,0,0,0,0.000104047765681352,0,0,0,0.000284361035408319,0,0,0,0.0109701297709094,0.406006969949578,0.0572461330999148,0.0278614269763205,0.00473888923898313,0.0019161944773269,0,0.00125496612288411,0,1.20641462836937,0,0,0.00137755767025842,0.0662464972630298,0.0265055911631494,0,0.000508575410543725,0.00039414136396289,0,0,0.00658999911019679,0,0,0,0.000212677045530402,1.47901072427556,0,0.0888463158205869,0.000327693455212427,4.02954685043869,0.00105324023711383,0,0.263572997694041,0.0584660114872169,0.0035377755934621,0.000368739412066126,0.0452180951784356,0,0,0,0.842007137933136,0.000361403912598583
0,0,0,0,0,0,0,0,0,0,0,0,0,0,0,0,0,0,0,0,0,0,0,4.9027244543658e-05,0,0,0,0,0,4.05285991028296e-05,0,0,0,0,0,0,0,0,0,0,0,0,0.00288785025924413,0.104708764463979,0.24767616381224,0.0105488757215357,0.00751000035281716,0.00321449918215165,0,0.000460327025121051,0,0.00654771097652375,0,0,0,0.000612915401959664,0.000280164389209414,0.000107940127345798,0,2.18347232000779,0,0.000234381759390834,3.61115140106014e-05,0,0,0.000212677045530402,0,1.18810564663919,0,0.000142354755941182,6.58269891781393e-05,0.000845823985456987,0.000173377785922837,0,0.165216236102622,0.0177196880334132,0.000267570699954403,0.000314053681186234,0.000595133472031918,0,0,0,0.154709469595455,0
0,0,0,0,0,0,0,4.6594328784926e-05,0,0,0,0,0,0,0,0,0,0,0,0,0,0,0,6.1427992266762e-05,0,0,0,0,0,0,0,0,0,0,0,0,0,0,0,0,0,0,0.00549342251385534,0.345037751801709,0.133444589866878,0.00887572932362834,0.00174315513650715,0.000197942249978458,0,0,0.00016823006554036,0.152062244844077,0,0,0.00081252700726593,0.0177663864423567,0.00973160420071282,0.000192995667095384,0.000146676229939333,0.302170988017673,0,6.36125569246715e-05,0.00203280055358639,0,0.000113668158035124,1.47901072427556,1.18810564663919,0,0,0.0139106347223879,0.000626089429200267,0.0196801707784079,3.37004992502386e-05,0.00214156947723258,1.50596488204761,0.0670528953756346,0.00161104942430125,0.000156153952827733,0.0091189160534456,0,0,0,0.0447143001968921,0
0,0,0,0.00198757006594826,0,0,0,0,0,0,0,0,0,0,0,0,0,0,0,0,0,0,0,0,0,0,0,0,0,0,0,0,0,0,0,0,0,0,0,0,0,0,0.000127951681642063,0,0.00022889660142675,0,0.379733867327723,0.00230500771388355,0,0.00466722577338832,0,0,15.0816167177371,0,0.204484707861353,0.00416252074030427,0.0352447175995444,0.151048668150691,1.61582107396321,0,6.29144284804962,0,0.00984368196732929,0.0727291357329489,0,0,0,0,0,0,0,0,1.14996518558992,0,0,0,0.433117975919952,0.0209956556518927,7.85035580585271e-05,0,0,0,0.00235472720952888,0
0.00113687408547464,0,0,0,0,0,0.000516704904209121,0.000685222443970934,0.000463605619763602,5.68561783167989e-05,0,0,0.000446211088069915,0.000364746385407449,0,0.0018330836004231,0,0,0,0,0.000121965582288139,0.000803375570368675,0.000413006787995452,0.00340468698593681,0,0,3.51912380428883e-05,0.00110034019770326,0.0002460529194801,0.00139650406002672,0,0,0.000111152122548681,6.16519079563466e-05,0.00411229311247617,0.00419989289056094,0.00142082981597359,0.00156783183442993,0.00212149117946055,0.000376090982471379,0,0,0.467985051043941,0.413251621259986,0.90441653276264,0.683922247902452,0.328102809858203,0.15086804116662,0.00432535050798764,0.00163481952112892,0.000475183164642901,0.247062961753618,0,0,0.00167966641759465,0.359868301417397,0.0135628054957243,0.0021885040864382,0.000206164053313046,0.00535697070713548,0,0.00604303613021532,0.00366983056620864,0,3.02731093842586,0.0888463158205869,0.000142354755941182,0.0139106347223879,0,0,0.0029319825333952,3.59384118278225,0.121573708858856,0.000273110925807542,0.0315428915883776,0.0893321606390736,0.927031298613453,0.00350081945834224,2.61631235827726,0,0,0,1.28262831886953,0.0296339306945805
0.00064026639595291,0.00239007281498158,0,0,0,0,5.55788565018245e-05,0,0.119896250731349,0,4.66648518517539e-05,0,0,0.000184289351786077,0,0.00223310877193091,0,0,0,0,0.000219492302957794,0.0577517709126262,4.23031096795099e-05,0.00514437540398699,0.00616929946281953,0,0.000355510927707067,0.000654932621499502,0,0.000359194691944209,0,0,0,0.000146605844617835,9.64733200289787e-05,0.00254972891552392,0.0126668360467561,0,0,0.00119556918268881,0.000395803098460708,0,0.00578925238296666,0.680881022646314,0.0177814123367103,0.00688941257999306,0.0026563193966806,0,0,0,0.926662160948854,0.00168713218155255,0,0,0,0.00126394393002431,0.000810329233345026,1.54777324656757,0,0.0011212461257768,0,0.223294867128955,0.000250361128776129,0,1.75465123462124,0.000327693455212427,6.58269891781393e-05,0.000626089429200267,0,0.0029319825333952,0,0,1.45379506625404,0.750956143657183,0.000263178722534512,0.672644511027395,0.0264517789309026,0.000617985153135863,0.00273314347757583,0,0,0,0.00511653845746607,0.000282460323671465
0,0,0,0,0,0,0.000680134168675522,0.000215947478554709,0.000395013962805512,3.05370890606705e-05,0,0,8.35734574179767e-05,0.000269390931850324,0,0.00113575453085666,0,0,0,0,0.000349457384665915,0.00035123981270406,0.00100173641983134,0.00264093293940293,0,0,0.000291453173656956,0.00105645075604118,0,0.000970583097379888,0,0,0,0.000184426659504375,0.00880039713524892,0.00502321226407741,0.000590588553901678,0.00105667698748819,0.00201096822030001,0.000664953482482841,0,0,0.529688336326612,1.41713589472531,1.01253394473254,1.29219610479426,0.528149678924101,0.164852805202078,0.00442157406528759,0.000967927071138584,0.000469023429797658,2.05019743898362,0,0,0.00245426199772081,0.222687320774877,0.0222141884136324,0.00341967072581155,0.0011024476991655,0.00966946286271668,0.000101446037172352,0.00173655634069373,0.00615729446126155,0.0005339326071305,1.23543545496466,4.02954685043869,0.000845823985456987,0.0196801707784079,0,3.59384118278225,0,0,0.0512632383535533,0.000111119828822939,0.0863177149332494,0.669175092587845,0.255812291610339,0.00295303112713368,0.0660439420345453,0,0,0.000290041239475715,0.76666018827203,0.038998304797189
0.0422611933104223,0.00100419925148575,0.000674639307418083,0.00152734407845625,0.000165219368822637,0.00205644074914737,0.08122713854971,0.0551425165905035,0.279834121932711,0.00838464494175252,0.000498403946545535,0,0.000441405640685812,0.031481847802174,8.19392104682345e-05,0.106063380827009,0.00019071389843759,5.670959445666e-05,0.000195248948641504,0.000398697750740307,0.00893429550894459,0.0420064790616375,0.00446181464451749,0.447419349687886,0.000141045681803526,3.36669774800378e-05,0.00159179215144731,0.116216242090295,0.0271979867861742,0.0962156374661662,0,0,0.000317385999989884,0.00812664428373911,0.00132091221690174,0.0648446828739115,0.00514306815957064,0.0159638317784698,0.00346182790038538,0.096034599027648,0.00466100376311796,0.000459896177415377,0.174479589743087,0.128101290867602,0.142943024317924,0.0542752546320169,0.364377048666145,0.0688870737241284,0.00102983500632351,0.0428739791400635,0.0656690503002385,0.0137337410333118,0.323637874700189,0,0.0567489988638527,0.286322545304379,0.0494103570969376,5.87485856177222,0.174045271851446,0.00278479979523084,0.215578407344302,0.0401080147073598,0.0185193595453979,0.00159867897134108,1.40758982159477,0.00105324023711383,0.000173377785922837,3.37004992502386e-05,1.14996518558992,0.121573708858856,1.45379506625404,0.0512632383535533,0,0.0881246521847111,0.00132046608242523,0.184026196137168,4.88522137407209,0.0975758445237868,0.120083749036495,0,0,0.00205856232005423,0.0757551616282935,0.00478761026449958
0.000481166916645812,0.00859433488365577,0,0,0,0,0.000247877989297624,2.59054073173735e-05,0.0222253944289628,0,0.00504668416812308,0,0.0182634732913367,0.000107740297834176,0,0.000159784789496528,0,0.000861093952564444,0,0,0,0.0361761258772345,0.000190494865009072,0.00210378033875391,0.14720096781893,0.00220892785197789,0.027845608886696,0.000239511468522711,0.000191761394899943,0.0002123029056254,0,0,0,3.89240628772486e-05,0,6.62754275270495e-05,1.0662907278202,0.00161987644300191,0,0.000193361804151559,0,0,0.00079488081852292,2.72305312672079,0.0316208680845105,0.00348589126751374,0.000799930052705818,0.000870350000254909,0.030310862785129,0.000454341666986978,1.21184538190574,7.00531970462114e-05,0,0,0,0.000477707453757924,0.00029998881071035,0.5756219426692,0,0.198992982429882,0,4.67791741024609,0.000142898770762919,0,0.0110288302290715,0,0,0.00214156947723258,0,0.000273110925807542,0.750956143657183,0.000111119828822939,0.0881246521847111,0,0.0725575600985927,0.394853158116579,0.00241045980196171,0.000350940359752093,0.00130079736124615,0.00938980320849649,0,0.000171243712940531,0.00125542547518425,6.4582115565044e-06
0,0,0,0,0,0,0,5.71225952663307e-05,5.33494488610428e-05,0,0,0,0,0,0,0,0,0,0,0,0,0.000169241773021151,0,0.000143840532335128,5.20272419620754e-05,0,3.98899162430016e-05,8.18071299241753e-05,0,0.000203274541331667,0,0,0,0,0.000490769680291164,9.99335814864796e-05,0.000313443226411705,0.000146635352383067,0.00023574606153619,0,0,0,0.0463803034939803,1.66937522354631,0.789025450243813,0.0951953009360173,0.00503631065251931,0.00270561140882374,0.00161483169997614,0.000331422591881347,0.000959712109038527,1.21001192918934,0,0,0.000984844535257837,0.0420530228722027,0.0124240092520602,0.000286996931175496,0.000520873806716755,0.726451738975772,0.000212808889199639,0.190660369882524,0.00317195520100159,0,0.00131559270663957,0.263572997694041,0.165216236102622,1.50596488204761,0,0.0315428915883776,0.000263178722534512,0.0863177149332494,0.00132046608242523,0.0725575600985927,0,1.82232038560202,0.00728330109800804,0.00034221945364141,0.011287019371904,0.00114576100602497,0,0,0.482769036820365,0.000785588447307429
6.59125252516941e-05,0.000272042796324951,0,0,0,6.79545653950713e-05,0.000583313623034412,0.000197388668855592,0.00158063604930616,2.62835036036815e-05,0.000194573739196219,0,0.000935976120994699,0.000182050732207869,0.000271122228713173,0.0010958136179488,0,0.000130561166795762,0,0,0.00023297426436617,0.000878520824954127,0.000139452622806855,0.00180609257783356,0.0105756475557057,0,0.00746822580013475,0.000978668443018895,0.000299829096167085,0.00137946944086208,0,0,0,0.000166650822940053,0.0120734536984259,0.00329937419219095,0.144625253083786,0.00149104851755484,0.00226377457852332,0.00110274088835863,0,0,0.324829758240981,6.39181216062904,1.47834614648254,0.580146541148088,0.214463222321225,0.0513508097332659,0.00268131592331844,0.000768297538964266,1.31223138842867,0.923410338671715,0,0,0.00024818495028205,0.021056691802584,0.00344866033878968,0.0996295535621695,0.000292676297570869,0.23351724795463,4.74585205796959e-05,0.342454808125733,0.000806452129885399,0,1.38112416144298,0.0584660114872169,0.0177196880334132,0.0670528953756346,0,0.0893321606390736,0.672644511027395,0.669175092587845,0.184026196137168,0.394853158116579,1.82232038560202,0,0.117104227700988,0.00110935199077905,0.00974211595423245,0.0101440561085506,0,0,0.927145297954721,0.0321902976116065
0.00608507761413943,0.000310527475566724,0.000308545834813096,0.00376835969111148,0,0.000391690842341466,0.014300973456257,0.00899046331019774,0.041606460788416,0.00104914592781252,0,0,0.000190281144488811,0.00467626223314853,0,0.0167754875269399,0,0,4.92004043126919e-05,0,0.000916376117221149,0.00694318836374898,0.000774522528564516,0.0710636974860566,0,0,8.85207559142494e-05,0.0235739606867322,0.00413114642049343,0.0146927978025201,0,0,6.01500355469076e-05,0.00127540183435685,0.0022208163088151,0.0101920108936079,0.00100617994448838,0.00289008167721944,0.000974946033507472,0.0139026342571289,0.000544596159934526,0,0.330113065894128,0.133095092192891,0.374164127769175,0.147834146400442,0.656076246758869,0.110783303608287,0.00291298578393429,0.0574099260543889,0.00178553437769362,0.0583680735349351,1.35899189744828,0,0.199791602767384,2.88222412971289,0.0883263859543275,0.740312728650042,0.749150143951916,0.00472305961262841,0.198403436829207,0.00448185212685999,0.0306869192908773,0.00609460345065348,1.05270805304031,0.0035377755934621,0.000267570699954403,0.00161104942430125,0.433117975919952,0.927031298613453,0.0264517789309026,0.255812291610339,4.88522137407209,0.00241045980196171,0.00728330109800804,0.117104227700988,0,0.155690964943371,1.43107936427222,0,0,0.00278877489421927,0.225648227730804,0.0150414318997244
0.0024245019729599,3.29311090760277e-05,0.00019848967355337,0.000719111312454988,0,0.000223268429299943,0.0061496888516816,0.00552966213379987,0.0113241921263196,0.000522149368109773,0,0,0,0.00170248416331538,0,0.00199001133314443,0,0,0,0,0.000209152152973962,0.000571265395951558,7.84188942429959e-05,0.0277461275497467,0,0,9.6129865338675e-05,0.00666918346199933,0.00227499052272395,0.00515694225059359,0,0,9.0931058056536e-05,0.000717309467625676,0.000330833797103935,0.00278136032981504,0.000312671647780174,0.00130522812421534,0,0.00592608139082331,5.16266454546055e-05,0,0.0468120017100081,0.00234334421168961,0.145295562311548,0.0118788594119785,0.674541410421774,0.0856597320122236,0.000293073717947116,2.48580378999463,9.99631010560526e-05,0.00174551804439422,0.00855140270570676,0.00188428498548276,0.14719685189032,0.266192345308646,0.138413805567169,0.0490214055265081,0.0474740415151872,0.00177248156914845,0.00802076564928169,3.43137612315329e-05,0.588567388190125,0.00460445570541703,0.00191696532552474,0.000368739412066126,0.000314053681186234,0.000156153952827733,0.0209956556518927,0.00350081945834224,0.000617985153135863,0.00295303112713368,0.0975758445237868,0.000350940359752093,0.00034221945364141,0.00110935199077905,0.155690964943371,0,0.541648027317503,0,0,0.411404930791976,0.611037142976173,0.00141998179327653
0.00348421228144428,0,6.25894176535077e-05,0,0,0.000214507999250471,0.00504495180993767,0.00341736376901689,0.00561241977388914,0.000447979171855598,0,0.000229992325235934,2.97414369082212e-05,0.00237147167303409,0,0.0104291978406954,0,0,0,0,0.000546468060634403,0.00330908121108059,0.000112866108491547,0.028836800633613,0,3.59375443638736e-05,1.90507646437026e-05,0.0122084836729361,0.00210947764371039,0.00903343757520833,0,0,0,0.000815242774228125,0.000817802945258119,0.00679803012079963,0.000359473230922225,0.00202206019661012,0.000825010911594893,0.00498779583020579,0.000140574389630992,0,0.292676961397574,0.0448457565612737,0.390022627049019,0.106451566212636,0.171481468096864,0.0971564944379914,0.000831339745441567,0.603868645632633,0.000767765312378591,0.0470054057839908,0,0,0.00806745820960608,1.86540175515246,0.28101404249616,0.0171026668010109,0.00216798115667362,0.00335175115765644,0.000103606087738749,0.00241723154052814,0.180241846633969,0.00136754985338498,0.0232761542523899,0.0452180951784356,0.000595133472031918,0.0091189160534456,7.85035580585271e-05,2.61631235827726,0.00273314347757583,0.0660439420345453,0.120083749036495,0.00130079736124615,0.011287019371904,0.00974211595423245,1.43107936427222,0.541648027317503,0,0,0,0.0354658574040527,0.794464583735412,0.00862797857932602
0,0,0,0,0,0,0,0,0,0,0,0,0,0,0,0,0,0,0,0,0,0,0,0,0,0,0,0,0,0,0,0,0,0,0,0,0,0,0,0,0,0,0.000113479639458135,0.00283800033756844,0.00103208881321217,0.000521608704571375,0,0,0,0,0.00118605776618506,0,0,0,0,0,0,0,0,0.00319593420250807,0,0.637887693485335,0,0,0,0,0,0,0,0,0,0,0,0.00938980320849649,0.00114576100602497,0.0101440561085506,0,0,0,0,0,0,0,0
0,0,0,0,0,0,0,0,0,0,0,0,0,0,0,0,0,0,0,0,0,0,0,0,0,0,0,0,0,0,0,0,0,0,0,0,0,0,0,0,0,0,0,0,0,0,0,0.0910463475777271,0,0,0,0,0,0.20067623437499,0,0,0.0192118285214515,0,0,0,0,0,0,0,0,0,0,0,0,0,0,0,0,0,0,0,0,0,0,0,0,0,0.0244339611023237,0
0,0,0,0,0,0,0,0,0,0,0,0,0,0,0,0,0,0,0,0,0,0,0,0.000477787310486359,0,0,0,8.97798187829975e-05,0,0,0,0,0,0,0,7.34160412195492e-05,0,0,0,0.000278999197490189,0,0,0.00295328793144815,0,0.0110816576317569,0,0.00372122511051553,0.00613185585721743,0,0.0191743426058949,0,0,0,0,0,0.00127134245526153,0.00147503908389843,0.000746339161570048,0,0,0,0,0.00179206333039289,0,0,0,0,0,0,0,0,0.000290041239475715,0.00205856232005423,0.000171243712940531,0,0,0.00278877489421927,0.411404930791976,0.0354658574040527,0,0,0,0.133481595408783,5.71447453757176e-05
0.00221737579104267,4.58184702618034e-05,0,0,0,0.000186038063194046,0.00284822088773525,0.00217039709851974,0.00537020475129437,0.000783285004340515,0,0,0,0.00109786149080788,0,0.00220898837739919,0,0,0,0,0.000102512273215661,0.000296201982802155,0.000109110551308379,0.0125960339357226,0,0,0.000118665009541646,0.00348789411432403,0.000890438819362487,0.00277436873727991,0,0,0,0.000349996777544654,0.0032424770388889,0.00171903266144334,0.000673515979106742,0.00116124896685245,0.000436848070458562,0.00353694674560339,6.21757517375171e-05,0,0.262983116814279,3.32100714046732,11.1268768310509,0.893515374599031,0.833314615006456,1.13040786248323,0.00368055390252033,0.0933708108878958,0.00764322749066104,1.28873295800836,0.00153351438697458,0.00656304285678555,0.0132915327984727,0.405246449541377,0.150541170846543,0.0217389227069142,0.0060110299010761,1.88291493541301,0.000635955922087553,0.00663097358411394,0.0392276346628187,0.000514917454800836,0.16797592361318,0.842007137933136,0.154709469595455,0.0447143001968921,0.00235472720952888,1.28262831886953,0.00511653845746607,0.76666018827203,0.0757551616282935,0.00125542547518425,0.482769036820365,0.927145297954721,0.225648227730804,0.611037142976173,0.794464583735412,0,0.0244339611023237,0.133481595408783,0,0.0132341006998482
6.71852811447152e-05,0.000191840315163667,0.000767363381703185,0,0,0,0.000723963495714977,0.000426747850509098,0.000194390704245734,0.000130088432180776,0.00119141716603146,0,0.000538153583686001,0.000212940053633814,0.000501577402016005,0.0148697145411107,8.5281029543886e-05,0.000210503380647701,0.000196319425180096,0,0.00794540987553798,0.000245702528546058,0.0218349021095959,0.00114980875669164,9.51288337675883e-06,0.000591317590243691,0.0161439678145108,0.00113155177581905,3.05214448468925e-05,0.0038383683557072,0,0,0,0.0137946919440551,2.38085147283691,0.0476211505359986,0.0454927623422629,0.0549405503359964,0.0407435744641342,0.0323654530812022,0.00212945295819278,0.00017801275052464,0.115708726689815,0.0661502822116901,0.0914524165322969,0.0650340295466649,0.0594574389752812,0.00136873677427103,0.00165009504650657,0.000967151269766918,0,0.00970540729145335,0,0,8.83106684826304e-05,0.00337221487325918,0.000898253830127672,0.000318324793431048,5.28746534118657e-05,0.00510266698909242,0,0.000248898906802993,0.000310447368860023,0,0.0447705804891934,0.000361403912598583,0,0,0,0.0296339306945805,0.000282460323671465,0.038998304797189,0.00478761026449958,6.4582115565044e-06,0.000785588447307429,0.0321902976116065,0.0150414318997244,0.00141998179327653,0.00862797857932602,0,0,5.71447453757176e-05,0.0132341006998482,0
